#
# There is insufficient memory for the Java Runtime Environment to continue.
# Native memory allocation (mmap) failed to map 2080374784 bytes for G1 virtual space
# Possible reasons:
#   The system is out of physical RAM or swap space
#   The process is running with CompressedOops enabled, and the Java Heap may be blocking the growth of the native heap
# Possible solutions:
#   Reduce memory load on the system
#   Increase physical memory or swap space
#   Check if swap backing store is full
#   Decrease Java heap size (-Xmx/-Xms)
#   Decrease number of Java threads
#   Decrease Java thread stack sizes (-Xss)
#   Set larger code cache with -XX:ReservedCodeCacheSize=
#   JVM is running with Zero Based Compressed Oops mode in which the Java heap is
#     placed in the first 32GB address space. The Java Heap base address is the
#     maximum limit for the native heap growth. Please use -XX:HeapBaseMinAddress
#     to set the Java Heap base and to place the Java Heap above 32GB virtual address.
# This output file may be truncated or incomplete.
#
#  Out of Memory Error (os_windows.cpp:3548), pid=22760, tid=27660
#
# JRE version: Java(TM) SE Runtime Environment (17.0.12+8) (build 17.0.12+8-LTS-286)
# Java VM: Java HotSpot(TM) 64-Bit Server VM (17.0.12+8-LTS-286, mixed mode, sharing, tiered, compressed oops, compressed class ptrs, g1 gc, windows-amd64)
# No core dump will be written. Minidumps are not enabled by default on client versions of Windows
#

---------------  S U M M A R Y ------------

Command Line: --add-opens=java.base/java.lang=ALL-UNNAMED --add-opens=java.base/java.lang.invoke=ALL-UNNAMED --add-opens=java.base/java.util=ALL-UNNAMED --add-opens=java.prefs/java.util.prefs=ALL-UNNAMED --add-exports=jdk.compiler/com.sun.tools.javac.api=ALL-UNNAMED --add-exports=jdk.compiler/com.sun.tools.javac.util=ALL-UNNAMED --add-opens=java.base/java.util=ALL-UNNAMED --add-opens=java.prefs/java.util.prefs=ALL-UNNAMED --add-opens=java.base/java.nio.charset=ALL-UNNAMED --add-opens=java.base/java.net=ALL-UNNAMED --add-opens=java.base/java.util.concurrent=ALL-UNNAMED --add-opens=java.base/java.util.concurrent.atomic=ALL-UNNAMED --add-opens=java.xml/javax.xml.namespace=ALL-UNNAMED --add-opens=java.base/java.time=ALL-UNNAMED -XX:MaxMetaspaceSize=4G -XX:ReservedCodeCacheSize=512m -XX:+HeapDumpOnOutOfMemoryError -Xmx8G -Dfile.encoding=UTF-8 -Duser.country=IN -Duser.language=en -Duser.variant -javaagent:C:\Users\mmich\.gradle\wrapper\dists\gradle-9.1.0-all\7wzd0jkjit61aq2p43wpjgij9\gradle-9.1.0\lib\agents\gradle-instrumentation-agent-9.1.0.jar org.gradle.launcher.daemon.bootstrap.GradleDaemon 9.1.0

Host: 13th Gen Intel(R) Core(TM) i5-1334U, 12 cores, 7G,  Windows 11 , 64 bit Build 26100 (10.0.26100.9168)
Time: Tue Aug 18 17:48:20 2026 India Standard Time elapsed time: 379.389567 seconds (0d 0h 6m 19s)

---------------  T H R E A D  ---------------

Current thread (0x000001f3ffa095b0):  VMThread "VM Thread" [stack: 0x0000001265100000,0x0000001265200000] [id=27660]

Stack: [0x0000001265100000,0x0000001265200000]
Native frames: (J=compiled Java code, j=interpreted, Vv=VM code, C=native code)
V  [jvm.dll+0x67a04a]
V  [jvm.dll+0x7da4ed]
V  [jvm.dll+0x7dbe33]
V  [jvm.dll+0x7dc4a3]
V  [jvm.dll+0x24508f]
V  [jvm.dll+0x677089]
V  [jvm.dll+0x66bd32]
V  [jvm.dll+0x301fa6]
V  [jvm.dll+0x309546]
V  [jvm.dll+0x359d2e]
V  [jvm.dll+0x359f5f]
V  [jvm.dll+0x2d9078]
V  [jvm.dll+0x2d74ad]
V  [jvm.dll+0x2d6afc]
V  [jvm.dll+0x31a65b]
V  [jvm.dll+0x7e0d9b]
V  [jvm.dll+0x7e1ad4]
V  [jvm.dll+0x7e1fed]
V  [jvm.dll+0x7e23c4]
V  [jvm.dll+0x7e2490]
V  [jvm.dll+0x78abea]
V  [jvm.dll+0x678f35]
C  [ucrtbase.dll+0x2cd30]
C  [KERNEL32.DLL+0x2ccb7]
C  [ntdll.dll+0xaad6c]

VM_Operation (0x00000012668f0350): G1CollectForAllocation, mode: safepoint, requested by thread 0x000001f44663de30


---------------  P R O C E S S  ---------------

Threads class SMR info:
_java_thread_list=0x000001f4622a77a0, length=169, elements={
0x000001f3fc014400, 0x000001f3ffa0d490, 0x000001f3ffa0e050, 0x000001f3ffa222c0,
0x000001f3ffa24c90, 0x000001f3ffa26660, 0x000001f3ffa29030, 0x000001f3ffa29d20,
0x000001f3ffa2be50, 0x000001f3ffa415e0, 0x000001f3ff9f9920, 0x000001f4452d3680,
0x000001f4472173b0, 0x000001f4464ca3c0, 0x000001f445d7e420, 0x000001f445ec8820,
0x000001f4454ba6e0, 0x000001f44663f780, 0x000001f44663de30, 0x000001f44663e340,
0x000001f44663e850, 0x000001f44663f270, 0x000001f44663ed60, 0x000001f44663c4e0,
0x000001f44663cf00, 0x000001f44663c9f0, 0x000001f448648570, 0x000001f448648f90,
0x000001f44864b300, 0x000001f44864a3d0, 0x000001f44864adf0, 0x000001f4486499b0,
0x000001f44864b810, 0x000001f44864c230, 0x000001f44864bd20, 0x000001f4486494a0,
0x000001f448648a80, 0x000001f44864d670, 0x000001f44864d160, 0x000001f44864db80,
0x000001f44864e090, 0x000001f44864a8e0, 0x000001f44864e5a0, 0x000001f44864efc0,
0x000001f44864f4d0, 0x000001f44864eab0, 0x000001f449622000, 0x000001f4496252a0,
0x000001f449622a20, 0x000001f449623950, 0x000001f449624880, 0x000001f449623e60,
0x000001f449624d90, 0x000001f449622f30, 0x000001f4496257b0, 0x000001f447bb04d0,
0x000001f447bae160, 0x000001f447bae670, 0x000001f451e72c20, 0x000001f451e74060,
0x000001f451e70dc0, 0x000001f451e712d0, 0x000001f451e717e0, 0x000001f451e72200,
0x000001f451e72710, 0x000001f451e71cf0, 0x000001f451e73130, 0x000001f451e708b0,
0x000001f451e76df0, 0x000001f451e75ec0, 0x000001f451e73b50, 0x000001f451e763d0,
0x000001f451e768e0, 0x000001f451e74570, 0x000001f451e74a80, 0x000001f451e74f90,
0x000001f451e73640, 0x000001f451e77300, 0x000001f451e77810, 0x000001f451e77d20,
0x000001f451e754a0, 0x000001f451e759b0, 0x000001f452d35960, 0x000001f447bac810,
0x000001f449623440, 0x000001f445da2db0, 0x000001f445da0530, 0x000001f445da2390,
0x000001f445da1e80, 0x000001f445da0a40, 0x000001f445da0f50, 0x000001f445da1460,
0x000001f445da1970, 0x000001f445da28a0, 0x000001f445da32c0, 0x000001f445da0020,
0x000001f445da4700, 0x000001f445da4c10, 0x000001f445da6a70, 0x000001f445da5120,
0x000001f445da6050, 0x000001f445da5b40, 0x000001f445da7490, 0x000001f445da5630,
0x000001f445da6f80, 0x000001f445da6560, 0x000001f445da41f0, 0x000001f445da3ce0,
0x000001f445da79a0, 0x000001f4632fe9e0, 0x000001f4632feef0, 0x000001f4632fdab0,
0x000001f4632fd5a0, 0x000001f4632ff400, 0x000001f4632fdfc0, 0x000001f4632ffe20,
0x000001f463300330, 0x000001f463301c80, 0x000001f463300840, 0x000001f463301260,
0x000001f4632ff910, 0x000001f463301770, 0x000001f463300d50, 0x000001f4632fe4d0,
0x000001f463302190, 0x000001f463304500, 0x000001f463304a10, 0x000001f463303ae0,
0x000001f4633026a0, 0x000001f463302bb0, 0x000001f4633035d0, 0x000001f463303ff0,
0x000001f45318beb0, 0x000001f45318d2f0, 0x000001f45318c3c0, 0x000001f45318a560,
0x000001f45318a050, 0x000001f45318c8d0, 0x000001f45318dd10, 0x000001f45318e220,
0x000001f45318e730, 0x000001f45318af80, 0x000001f45318ec40, 0x000001f45318b490,
0x000001f45318f150, 0x000001f45318b9a0, 0x000001f453190590, 0x000001f45318f660,
0x000001f45318fb70, 0x000001f453190aa0, 0x000001f453190080, 0x000001f4531914c0,
0x000001f453190fb0, 0x000001f46208de20, 0x000001f462090190, 0x000001f46208c9e0,
0x000001f46208e840, 0x000001f46208f770, 0x000001f46208e330, 0x000001f46208cef0,
0x000001f4620906a0, 0x000001f462090bb0, 0x000001f46208f260, 0x000001f4620910c0,
0x000001f46208d910, 0x000001f462092500, 0x000001f4620915d0, 0x000001f462091ae0,
0x000001f46208fc80
}

Java Threads: ( => current thread )
  0x000001f3fc014400 JavaThread "main" [_thread_blocked, id=23472, stack(0x0000001264b00000,0x0000001264c00000)]
  0x000001f3ffa0d490 JavaThread "Reference Handler" daemon [_thread_blocked, id=17104, stack(0x0000001265200000,0x0000001265300000)]
  0x000001f3ffa0e050 JavaThread "Finalizer" daemon [_thread_blocked, id=26048, stack(0x0000001265300000,0x0000001265400000)]
  0x000001f3ffa222c0 JavaThread "Signal Dispatcher" daemon [_thread_blocked, id=14060, stack(0x0000001265400000,0x0000001265500000)]
  0x000001f3ffa24c90 JavaThread "Attach Listener" daemon [_thread_blocked, id=26384, stack(0x0000001265500000,0x0000001265600000)]
  0x000001f3ffa26660 JavaThread "Service Thread" daemon [_thread_blocked, id=18100, stack(0x0000001265600000,0x0000001265700000)]
  0x000001f3ffa29030 JavaThread "Monitor Deflation Thread" daemon [_thread_blocked, id=26380, stack(0x0000001265700000,0x0000001265800000)]
  0x000001f3ffa29d20 JavaThread "C2 CompilerThread0" daemon [_thread_blocked, id=27200, stack(0x0000001265800000,0x0000001265900000)]
  0x000001f3ffa2be50 JavaThread "C1 CompilerThread0" daemon [_thread_blocked, id=1944, stack(0x0000001265900000,0x0000001265a00000)]
  0x000001f3ffa415e0 JavaThread "Sweeper thread" daemon [_thread_blocked, id=12784, stack(0x0000001265a00000,0x0000001265b00000)]
  0x000001f3ff9f9920 JavaThread "Common-Cleaner" daemon [_thread_blocked, id=15908, stack(0x0000001265b00000,0x0000001265c00000)]
  0x000001f4452d3680 JavaThread "Notification Thread" daemon [_thread_blocked, id=1376, stack(0x0000001265c00000,0x0000001265d00000)]
  0x000001f4472173b0 JavaThread "Daemon health stats" [_thread_blocked, id=24100, stack(0x0000001266000000,0x0000001266100000)]
  0x000001f4464ca3c0 JavaThread "Incoming local TCP Connector on port 53313" [_thread_in_native, id=16712, stack(0x0000001266300000,0x0000001266400000)]
  0x000001f445d7e420 JavaThread "Daemon periodic checks" [_thread_blocked, id=11648, stack(0x0000001266400000,0x0000001266500000)]
  0x000001f445ec8820 JavaThread "Daemon" [_thread_blocked, id=19520, stack(0x0000001266500000,0x0000001266600000)]
  0x000001f4454ba6e0 JavaThread "Handler for socket connection from /127.0.0.1:53313 to /127.0.0.1:53314" [_thread_in_native, id=24112, stack(0x0000001266600000,0x0000001266700000)]
  0x000001f44663f780 JavaThread "Cancel handler" [_thread_blocked, id=13116, stack(0x0000001266700000,0x0000001266800000)]
  0x000001f44663de30 JavaThread "Daemon worker" [_thread_blocked, id=26976, stack(0x0000001266800000,0x0000001266900000)]
  0x000001f44663e340 JavaThread "Asynchronous log dispatcher for DefaultDaemonConnection: socket connection from /127.0.0.1:53313 to /127.0.0.1:53314" [_thread_blocked, id=23088, stack(0x0000001266900000,0x0000001266a00000)]
  0x000001f44663e850 JavaThread "Stdin handler" [_thread_blocked, id=24552, stack(0x0000001266a00000,0x0000001266b00000)]
  0x000001f44663f270 JavaThread "Daemon client event forwarder" [_thread_blocked, id=25088, stack(0x0000001266b00000,0x0000001266c00000)]
  0x000001f44663ed60 JavaThread "Cache worker for journal cache (C:\Users\mmich\.gradle\caches\journal-1)" [_thread_blocked, id=16932, stack(0x0000001266c00000,0x0000001266d00000)]
  0x000001f44663c4e0 JavaThread "File lock request listener" [_thread_blocked, id=2376, stack(0x0000001266d00000,0x0000001266e00000)]
  0x000001f44663cf00 JavaThread "Cache worker for file hash cache (C:\Users\mmich\.gradle\caches\9.1.0\fileHashes)" [_thread_blocked, id=26984, stack(0x0000001266e00000,0x0000001266f00000)]
  0x000001f44663c9f0 JavaThread "File lock release action executor" [_thread_blocked, id=24036, stack(0x0000001267400000,0x0000001267500000)]
  0x000001f448648570 JavaThread "Cache worker for file hash cache (C:\Users\mmich\OneDrive\Documents\coding\GD\Go-digital- software\attendance_management\frontend\employee_mobile\android\.gradle\9.1.0\fileHashes)" [_thread_blocked, id=7004, stack(0x0000001267700000,0x0000001267800000)]
  0x000001f448648f90 JavaThread "Cache worker for Build Output Cleanup Cache (C:\Users\mmich\OneDrive\Documents\coding\GD\Go-digital- software\attendance_management\frontend\employee_mobile\android\.gradle\buildOutputCleanup)" [_thread_blocked, id=22416, stack(0x0000001267800000,0x0000001267900000)]
  0x000001f44864b300 JavaThread "File watcher server" daemon [_thread_in_native, id=15476, stack(0x0000001267900000,0x0000001267a00000)]
  0x000001f44864a3d0 JavaThread "File watcher consumer" daemon [_thread_blocked, id=1756, stack(0x0000001267a00000,0x0000001267b00000)]
  0x000001f44864adf0 JavaThread "jar transforms" [_thread_blocked, id=22904, stack(0x0000001267b00000,0x0000001267c00000)]
  0x000001f4486499b0 JavaThread "jar transforms Thread 2" [_thread_blocked, id=18460, stack(0x0000001267c00000,0x0000001267d00000)]
  0x000001f44864b810 JavaThread "jar transforms Thread 3" [_thread_blocked, id=27060, stack(0x0000001267d00000,0x0000001267e00000)]
  0x000001f44864c230 JavaThread "Cache worker for checksums cache (C:\Users\mmich\OneDrive\Documents\coding\GD\Go-digital- software\attendance_management\frontend\employee_mobile\android\.gradle\9.1.0\checksums)" [_thread_blocked, id=12088, stack(0x0000001267e00000,0x0000001267f00000)]
  0x000001f44864bd20 JavaThread "Cache worker for file content cache (C:\Users\mmich\.gradle\caches\9.1.0\fileContent)" [_thread_blocked, id=17300, stack(0x0000001267f00000,0x0000001268000000)]
  0x000001f4486494a0 JavaThread "Cache worker for cache directory md-supplier (C:\Users\mmich\.gradle\caches\9.1.0\md-supplier)" [_thread_blocked, id=19320, stack(0x0000001268000000,0x0000001268100000)]
  0x000001f448648a80 JavaThread "Cache worker for cache directory md-rule (C:\Users\mmich\.gradle\caches\9.1.0\md-rule)" [_thread_blocked, id=18964, stack(0x0000001268100000,0x0000001268200000)]
  0x000001f44864d670 JavaThread "jar transforms Thread 4" [_thread_blocked, id=24868, stack(0x0000001268400000,0x0000001268500000)]
  0x000001f44864d160 JavaThread "jar transforms Thread 5" [_thread_blocked, id=1736, stack(0x0000001268500000,0x0000001268600000)]
  0x000001f44864db80 JavaThread "jar transforms Thread 6" [_thread_blocked, id=24192, stack(0x0000001268600000,0x0000001268700000)]
  0x000001f44864e090 JavaThread "jar transforms Thread 7" [_thread_blocked, id=24212, stack(0x0000001268700000,0x0000001268800000)]
  0x000001f44864a8e0 JavaThread "jar transforms Thread 8" [_thread_blocked, id=23952, stack(0x0000001268800000,0x0000001268900000)]
  0x000001f44864e5a0 JavaThread "jar transforms Thread 9" [_thread_blocked, id=14796, stack(0x0000001268b00000,0x0000001268c00000)]
  0x000001f44864efc0 JavaThread "jar transforms Thread 10" [_thread_blocked, id=19784, stack(0x0000001268c00000,0x0000001268d00000)]
  0x000001f44864f4d0 JavaThread "jar transforms Thread 11" [_thread_blocked, id=17400, stack(0x0000001268d00000,0x0000001268e00000)]
  0x000001f44864eab0 JavaThread "jar transforms Thread 12" [_thread_blocked, id=18064, stack(0x0000001268e00000,0x0000001268f00000)]
  0x000001f449622000 JavaThread "Cache worker for Build Output Cleanup Cache (C:\Development\flutter\packages\flutter_tools\gradle\.gradle\buildOutputCleanup)" [_thread_blocked, id=9568, stack(0x0000001264800000,0x0000001264900000)]
  0x000001f4496252a0 JavaThread "Unconstrained build operations" [_thread_blocked, id=2748, stack(0x0000001264900000,0x0000001264a00000)]
  0x000001f449622a20 JavaThread "Unconstrained build operations Thread 2" [_thread_blocked, id=16568, stack(0x0000001269400000,0x0000001269500000)]
  0x000001f449623950 JavaThread "Unconstrained build operations Thread 3" [_thread_blocked, id=6184, stack(0x0000001269500000,0x0000001269600000)]
  0x000001f449624880 JavaThread "Unconstrained build operations Thread 4" [_thread_blocked, id=10640, stack(0x0000001269600000,0x0000001269700000)]
  0x000001f449623e60 JavaThread "Unconstrained build operations Thread 5" [_thread_blocked, id=5392, stack(0x0000001269700000,0x0000001269800000)]
  0x000001f449624d90 JavaThread "Unconstrained build operations Thread 6" [_thread_blocked, id=24084, stack(0x0000001269800000,0x0000001269900000)]
  0x000001f449622f30 JavaThread "Unconstrained build operations Thread 7" [_thread_blocked, id=27216, stack(0x0000001269900000,0x0000001269a00000)]
  0x000001f4496257b0 JavaThread "Unconstrained build operations Thread 8" [_thread_blocked, id=23664, stack(0x0000001269a00000,0x0000001269b00000)]
  0x000001f447bb04d0 JavaThread "Unconstrained build operations Thread 9" [_thread_blocked, id=23408, stack(0x0000001269b00000,0x0000001269c00000)]
  0x000001f447bae160 JavaThread "Unconstrained build operations Thread 10" [_thread_blocked, id=25952, stack(0x0000001269c00000,0x0000001269d00000)]
  0x000001f447bae670 JavaThread "Unconstrained build operations Thread 11" [_thread_blocked, id=27324, stack(0x0000001269d00000,0x0000001269e00000)]
  0x000001f451e72c20 JavaThread "Unconstrained build operations Thread 12" [_thread_blocked, id=6572, stack(0x0000001269e00000,0x0000001269f00000)]
  0x000001f451e74060 JavaThread "Unconstrained build operations Thread 13" [_thread_blocked, id=22180, stack(0x0000001269f00000,0x000000126a000000)]
  0x000001f451e70dc0 JavaThread "Unconstrained build operations Thread 14" [_thread_blocked, id=27796, stack(0x000000126a000000,0x000000126a100000)]
  0x000001f451e712d0 JavaThread "Unconstrained build operations Thread 15" [_thread_blocked, id=22692, stack(0x000000126a100000,0x000000126a200000)]
  0x000001f451e717e0 JavaThread "Unconstrained build operations Thread 16" [_thread_blocked, id=18784, stack(0x000000126a200000,0x000000126a300000)]
  0x000001f451e72200 JavaThread "Unconstrained build operations Thread 17" [_thread_blocked, id=1476, stack(0x000000126a300000,0x000000126a400000)]
  0x000001f451e72710 JavaThread "Unconstrained build operations Thread 18" [_thread_blocked, id=16308, stack(0x000000126a400000,0x000000126a500000)]
  0x000001f451e71cf0 JavaThread "Unconstrained build operations Thread 19" [_thread_blocked, id=21244, stack(0x000000126a500000,0x000000126a600000)]
  0x000001f451e73130 JavaThread "Unconstrained build operations Thread 20" [_thread_blocked, id=10736, stack(0x000000126a600000,0x000000126a700000)]
  0x000001f451e708b0 JavaThread "Unconstrained build operations Thread 21" [_thread_blocked, id=13264, stack(0x000000126a700000,0x000000126a800000)]
  0x000001f451e76df0 JavaThread "Unconstrained build operations Thread 22" [_thread_blocked, id=28568, stack(0x000000126a800000,0x000000126a900000)]
  0x000001f451e75ec0 JavaThread "Unconstrained build operations Thread 23" [_thread_blocked, id=28372, stack(0x000000126a900000,0x000000126aa00000)]
  0x000001f451e73b50 JavaThread "Unconstrained build operations Thread 24" [_thread_blocked, id=26744, stack(0x000000126aa00000,0x000000126ab00000)]
  0x000001f451e763d0 JavaThread "Unconstrained build operations Thread 25" [_thread_blocked, id=28036, stack(0x000000126ab00000,0x000000126ac00000)]
  0x000001f451e768e0 JavaThread "Unconstrained build operations Thread 26" [_thread_blocked, id=14704, stack(0x000000126ac00000,0x000000126ad00000)]
  0x000001f451e74570 JavaThread "Unconstrained build operations Thread 27" [_thread_blocked, id=23200, stack(0x000000126ad00000,0x000000126ae00000)]
  0x000001f451e74a80 JavaThread "Unconstrained build operations Thread 28" [_thread_blocked, id=22504, stack(0x000000126ae00000,0x000000126af00000)]
  0x000001f451e74f90 JavaThread "Unconstrained build operations Thread 29" [_thread_blocked, id=25384, stack(0x000000126af00000,0x000000126b000000)]
  0x000001f451e73640 JavaThread "Unconstrained build operations Thread 30" [_thread_blocked, id=25956, stack(0x000000126b000000,0x000000126b100000)]
  0x000001f451e77300 JavaThread "Unconstrained build operations Thread 31" [_thread_blocked, id=27456, stack(0x000000126b100000,0x000000126b200000)]
  0x000001f451e77810 JavaThread "Unconstrained build operations Thread 32" [_thread_blocked, id=27176, stack(0x000000126b200000,0x000000126b300000)]
  0x000001f451e77d20 JavaThread "Unconstrained build operations Thread 33" [_thread_blocked, id=28328, stack(0x000000126b300000,0x000000126b400000)]
  0x000001f451e754a0 JavaThread "Memory manager" [_thread_blocked, id=16724, stack(0x000000126b400000,0x000000126b500000)]
  0x000001f451e759b0 JavaThread "build event listener" [_thread_blocked, id=22592, stack(0x000000126b500000,0x000000126b600000)]
  0x000001f452d35960 JavaThread "Kotlin DSL Writer" [_thread_blocked, id=24696, stack(0x000000126b600000,0x000000126b700000)]
  0x000001f447bac810 JavaThread "Execution worker" [_thread_blocked, id=22600, stack(0x000000126b900000,0x000000126ba00000)]
  0x000001f449623440 JavaThread "Execution worker Thread 2" [_thread_blocked, id=12304, stack(0x000000126ba00000,0x000000126bb00000)]
  0x000001f445da2db0 JavaThread "Execution worker Thread 3" [_thread_blocked, id=21264, stack(0x000000126bb00000,0x000000126bc00000)]
  0x000001f445da0530 JavaThread "Execution worker Thread 4" [_thread_blocked, id=21160, stack(0x000000126bc00000,0x000000126bd00000)]
  0x000001f445da2390 JavaThread "Execution worker Thread 5" [_thread_blocked, id=10220, stack(0x000000126bd00000,0x000000126be00000)]
  0x000001f445da1e80 JavaThread "Execution worker Thread 6" [_thread_blocked, id=24368, stack(0x000000126be00000,0x000000126bf00000)]
  0x000001f445da0a40 JavaThread "Execution worker Thread 7" [_thread_blocked, id=21448, stack(0x000000126bf00000,0x000000126c000000)]
  0x000001f445da0f50 JavaThread "Execution worker Thread 8" [_thread_blocked, id=26632, stack(0x000000126c000000,0x000000126c100000)]
  0x000001f445da1460 JavaThread "Execution worker Thread 9" [_thread_blocked, id=28320, stack(0x000000126c100000,0x000000126c200000)]
  0x000001f445da1970 JavaThread "Execution worker Thread 10" [_thread_blocked, id=16608, stack(0x000000126c200000,0x000000126c300000)]
  0x000001f445da28a0 JavaThread "Execution worker Thread 11" [_thread_blocked, id=23632, stack(0x000000126c300000,0x000000126c400000)]
  0x000001f445da32c0 JavaThread "Cache worker for execution history cache (C:\Development\flutter\packages\flutter_tools\gradle\.gradle\9.1.0\executionHistory)" [_thread_blocked, id=2436, stack(0x000000126c400000,0x000000126c500000)]
  0x000001f445da0020 JavaThread "Unconstrained build operations Thread 34" [_thread_blocked, id=8768, stack(0x000000126b700000,0x000000126b800000)]
  0x000001f445da4700 JavaThread "Unconstrained build operations Thread 35" [_thread_blocked, id=12020, stack(0x000000126c500000,0x000000126c600000)]
  0x000001f445da4c10 JavaThread "Unconstrained build operations Thread 36" [_thread_blocked, id=22468, stack(0x000000126c600000,0x000000126c700000)]
  0x000001f445da6a70 JavaThread "Unconstrained build operations Thread 37" [_thread_blocked, id=10608, stack(0x000000126c700000,0x000000126c800000)]
  0x000001f445da5120 JavaThread "Unconstrained build operations Thread 38" [_thread_blocked, id=6552, stack(0x000000126c800000,0x000000126c900000)]
  0x000001f445da6050 JavaThread "Unconstrained build operations Thread 39" [_thread_blocked, id=23812, stack(0x000000126c900000,0x000000126ca00000)]
  0x000001f445da5b40 JavaThread "Unconstrained build operations Thread 40" [_thread_blocked, id=1484, stack(0x000000126ca00000,0x000000126cb00000)]
  0x000001f445da7490 JavaThread "Unconstrained build operations Thread 41" [_thread_blocked, id=22564, stack(0x000000126cb00000,0x000000126cc00000)]
  0x000001f445da5630 JavaThread "Unconstrained build operations Thread 42" [_thread_blocked, id=19264, stack(0x000000126cc00000,0x000000126cd00000)]
  0x000001f445da6f80 JavaThread "Unconstrained build operations Thread 43" [_thread_blocked, id=16540, stack(0x000000126cd00000,0x000000126ce00000)]
  0x000001f445da6560 JavaThread "Unconstrained build operations Thread 44" [_thread_blocked, id=23600, stack(0x000000126ce00000,0x000000126cf00000)]
  0x000001f445da41f0 JavaThread "Unconstrained build operations Thread 45" [_thread_blocked, id=4380, stack(0x000000126cf00000,0x000000126d000000)]
  0x000001f445da3ce0 JavaThread "Unconstrained build operations Thread 46" [_thread_blocked, id=11604, stack(0x000000126d000000,0x000000126d100000)]
  0x000001f445da79a0 JavaThread "Unconstrained build operations Thread 47" [_thread_blocked, id=15064, stack(0x000000126d100000,0x000000126d200000)]
  0x000001f4632fe9e0 JavaThread "Unconstrained build operations Thread 48" [_thread_blocked, id=22488, stack(0x000000126d200000,0x000000126d300000)]
  0x000001f4632feef0 JavaThread "Unconstrained build operations Thread 49" [_thread_blocked, id=22360, stack(0x000000126d300000,0x000000126d400000)]
  0x000001f4632fdab0 JavaThread "Unconstrained build operations Thread 50" [_thread_blocked, id=22240, stack(0x000000126d400000,0x000000126d500000)]
  0x000001f4632fd5a0 JavaThread "Unconstrained build operations Thread 51" [_thread_blocked, id=27000, stack(0x000000126d500000,0x000000126d600000)]
  0x000001f4632ff400 JavaThread "Unconstrained build operations Thread 52" [_thread_blocked, id=21460, stack(0x000000126d600000,0x000000126d700000)]
  0x000001f4632fdfc0 JavaThread "Unconstrained build operations Thread 53" [_thread_blocked, id=28080, stack(0x000000126d700000,0x000000126d800000)]
  0x000001f4632ffe20 JavaThread "Unconstrained build operations Thread 54" [_thread_blocked, id=23856, stack(0x000000126d800000,0x000000126d900000)]
  0x000001f463300330 JavaThread "Unconstrained build operations Thread 55" [_thread_blocked, id=10824, stack(0x000000126d900000,0x000000126da00000)]
  0x000001f463301c80 JavaThread "Unconstrained build operations Thread 56" [_thread_blocked, id=21380, stack(0x0000001268a00000,0x0000001268b00000)]
  0x000001f463300840 JavaThread "Unconstrained build operations Thread 57" [_thread_blocked, id=22436, stack(0x000000126da00000,0x000000126db00000)]
  0x000001f463301260 JavaThread "Unconstrained build operations Thread 58" [_thread_blocked, id=22192, stack(0x000000126db00000,0x000000126dc00000)]
  0x000001f4632ff910 JavaThread "Unconstrained build operations Thread 59" [_thread_blocked, id=23708, stack(0x000000126dc00000,0x000000126dd00000)]
  0x000001f463301770 JavaThread "Unconstrained build operations Thread 60" [_thread_blocked, id=19732, stack(0x000000126dd00000,0x000000126de00000)]
  0x000001f463300d50 JavaThread "Unconstrained build operations Thread 61" [_thread_blocked, id=21720, stack(0x000000126de00000,0x000000126df00000)]
  0x000001f4632fe4d0 JavaThread "Unconstrained build operations Thread 62" [_thread_blocked, id=11200, stack(0x000000126df00000,0x000000126e000000)]
  0x000001f463302190 JavaThread "Unconstrained build operations Thread 63" [_thread_blocked, id=3696, stack(0x000000126e000000,0x000000126e100000)]
  0x000001f463304500 JavaThread "Unconstrained build operations Thread 64" [_thread_blocked, id=28296, stack(0x000000126e100000,0x000000126e200000)]
  0x000001f463304a10 JavaThread "Unconstrained build operations Thread 65" [_thread_blocked, id=26456, stack(0x000000126e200000,0x000000126e300000)]
  0x000001f463303ae0 JavaThread "Unconstrained build operations Thread 66" [_thread_blocked, id=15320, stack(0x000000126e300000,0x000000126e400000)]
  0x000001f4633026a0 JavaThread "Unconstrained build operations Thread 67" [_thread_blocked, id=17756, stack(0x000000126e400000,0x000000126e500000)]
  0x000001f463302bb0 JavaThread "Unconstrained build operations Thread 68" [_thread_blocked, id=18168, stack(0x000000126e500000,0x000000126e600000)]
  0x000001f4633035d0 JavaThread "WorkerExecutor Queue" [_thread_blocked, id=24620, stack(0x000000126e600000,0x000000126e700000)]
  0x000001f463303ff0 JavaThread "RMI Scheduler(0)" daemon [_thread_blocked, id=22480, stack(0x000000126e700000,0x000000126e800000)]
  0x000001f45318beb0 JavaThread "RMI GC Daemon" daemon [_thread_blocked, id=14244, stack(0x000000126e900000,0x000000126ea00000)]
  0x000001f45318d2f0 JavaThread "RMI TCP Accept-0" daemon [_thread_in_native, id=23224, stack(0x000000126ea00000,0x000000126eb00000)]
  0x000001f45318c3c0 JavaThread "RMI Reaper" [_thread_blocked, id=5636, stack(0x000000126eb00000,0x000000126ec00000)]
  0x000001f45318a560 JavaThread "RMI TCP Connection(idle)" daemon [_thread_blocked, id=26768, stack(0x000000126ec00000,0x000000126ed00000)]
  0x000001f45318a050 JavaThread "Unconstrained build operations Thread 69" [_thread_blocked, id=22676, stack(0x000000126f000000,0x000000126f100000)]
  0x000001f45318c8d0 JavaThread "Unconstrained build operations Thread 70" [_thread_blocked, id=25512, stack(0x000000126f100000,0x000000126f200000)]
  0x000001f45318dd10 JavaThread "Unconstrained build operations Thread 71" [_thread_blocked, id=7268, stack(0x000000126f200000,0x000000126f300000)]
  0x000001f45318e220 JavaThread "Unconstrained build operations Thread 72" [_thread_blocked, id=12428, stack(0x000000126f300000,0x000000126f400000)]
  0x000001f45318e730 JavaThread "Unconstrained build operations Thread 73" [_thread_blocked, id=25496, stack(0x000000126f400000,0x000000126f500000)]
  0x000001f45318af80 JavaThread "Unconstrained build operations Thread 74" [_thread_blocked, id=23820, stack(0x000000126f500000,0x000000126f600000)]
  0x000001f45318ec40 JavaThread "Unconstrained build operations Thread 75" [_thread_blocked, id=412, stack(0x000000126f600000,0x000000126f700000)]
  0x000001f45318b490 JavaThread "Unconstrained build operations Thread 76" [_thread_blocked, id=5360, stack(0x000000126f700000,0x000000126f800000)]
  0x000001f45318f150 JavaThread "Unconstrained build operations Thread 77" [_thread_blocked, id=384, stack(0x000000126f800000,0x000000126f900000)]
  0x000001f45318b9a0 JavaThread "Unconstrained build operations Thread 78" [_thread_blocked, id=13768, stack(0x000000126f900000,0x000000126fa00000)]
  0x000001f453190590 JavaThread "Unconstrained build operations Thread 79" [_thread_blocked, id=23672, stack(0x000000126fa00000,0x000000126fb00000)]
  0x000001f45318f660 JavaThread "Unconstrained build operations Thread 80" [_thread_blocked, id=22272, stack(0x000000126fb00000,0x000000126fc00000)]
  0x000001f45318fb70 JavaThread "Unconstrained build operations Thread 81" [_thread_blocked, id=23184, stack(0x000000126fc00000,0x000000126fd00000)]
  0x000001f453190aa0 JavaThread "Unconstrained build operations Thread 82" [_thread_blocked, id=12748, stack(0x000000126fd00000,0x000000126fe00000)]
  0x000001f453190080 JavaThread "Unconstrained build operations Thread 83" [_thread_blocked, id=23548, stack(0x000000126fe00000,0x000000126ff00000)]
  0x000001f4531914c0 JavaThread "Unconstrained build operations Thread 84" [_thread_blocked, id=25132, stack(0x000000126ff00000,0x0000001270000000)]
  0x000001f453190fb0 JavaThread "Unconstrained build operations Thread 85" [_thread_blocked, id=23420, stack(0x0000001270000000,0x0000001270100000)]
  0x000001f46208de20 JavaThread "Unconstrained build operations Thread 86" [_thread_blocked, id=26728, stack(0x0000001270100000,0x0000001270200000)]
  0x000001f462090190 JavaThread "Unconstrained build operations Thread 87" [_thread_blocked, id=27252, stack(0x0000001270200000,0x0000001270300000)]
  0x000001f46208c9e0 JavaThread "Unconstrained build operations Thread 88" [_thread_blocked, id=7112, stack(0x0000001270300000,0x0000001270400000)]
  0x000001f46208e840 JavaThread "Unconstrained build operations Thread 89" [_thread_blocked, id=5428, stack(0x0000001270400000,0x0000001270500000)]
  0x000001f46208f770 JavaThread "Unconstrained build operations Thread 90" [_thread_blocked, id=28444, stack(0x0000001270500000,0x0000001270600000)]
  0x000001f46208e330 JavaThread "Unconstrained build operations Thread 91" [_thread_blocked, id=18924, stack(0x0000001270600000,0x0000001270700000)]
  0x000001f46208cef0 JavaThread "Unconstrained build operations Thread 92" [_thread_blocked, id=20980, stack(0x0000001270700000,0x0000001270800000)]
  0x000001f4620906a0 JavaThread "Unconstrained build operations Thread 93" [_thread_blocked, id=25896, stack(0x0000001270800000,0x0000001270900000)]
  0x000001f462090bb0 JavaThread "Unconstrained build operations Thread 94" [_thread_blocked, id=21436, stack(0x0000001270900000,0x0000001270a00000)]
  0x000001f46208f260 JavaThread "Unconstrained build operations Thread 95" [_thread_blocked, id=6044, stack(0x0000001270a00000,0x0000001270b00000)]
  0x000001f4620910c0 JavaThread "Unconstrained build operations Thread 96" [_thread_blocked, id=19180, stack(0x0000001270b00000,0x0000001270c00000)]
  0x000001f46208d910 JavaThread "Unconstrained build operations Thread 97" [_thread_blocked, id=25204, stack(0x0000001270c00000,0x0000001270d00000)]
  0x000001f462092500 JavaThread "Unconstrained build operations Thread 98" [_thread_blocked, id=13520, stack(0x0000001270d00000,0x0000001270e00000)]
  0x000001f4620915d0 JavaThread "Unconstrained build operations Thread 99" [_thread_blocked, id=11072, stack(0x0000001270e00000,0x0000001270f00000)]
  0x000001f462091ae0 JavaThread "Unconstrained build operations Thread 100" [_thread_blocked, id=3016, stack(0x0000001270f00000,0x0000001271000000)]
  0x000001f46208fc80 JavaThread "Unconstrained build operations Thread 101" [_thread_blocked, id=21796, stack(0x0000001271000000,0x0000001271100000)]

Other Threads:
=>0x000001f3ffa095b0 VMThread "VM Thread" [stack: 0x0000001265100000,0x0000001265200000] [id=27660]
  0x000001f3ff8667b0 WatcherThread [stack: 0x0000001265d00000,0x0000001265e00000] [id=10504]
  0x000001f3fc0c5f50 GCTaskThread "GC Thread#0" [stack: 0x0000001264c00000,0x0000001264d00000] [id=19776]
  0x000001f44548b4c0 GCTaskThread "GC Thread#1" [stack: 0x0000001265e00000,0x0000001265f00000] [id=14160]
  0x000001f445501230 GCTaskThread "GC Thread#2" [stack: 0x0000001265f00000,0x0000001266000000] [id=8816]
  0x000001f4466390b0 GCTaskThread "GC Thread#3" [stack: 0x0000001266100000,0x0000001266200000] [id=19012]
  0x000001f446639370 GCTaskThread "GC Thread#4" [stack: 0x0000001266200000,0x0000001266300000] [id=25912]
  0x000001f448395fe0 GCTaskThread "GC Thread#5" [stack: 0x0000001266f00000,0x0000001267000000] [id=25256]
  0x000001f448396da0 GCTaskThread "GC Thread#6" [stack: 0x0000001267000000,0x0000001267100000] [id=28584]
  0x000001f4483962a0 GCTaskThread "GC Thread#7" [stack: 0x0000001267100000,0x0000001267200000] [id=28352]
  0x000001f448395d20 GCTaskThread "GC Thread#8" [stack: 0x0000001267200000,0x0000001267300000] [id=6732]
  0x000001f448396560 GCTaskThread "GC Thread#9" [stack: 0x0000001267300000,0x0000001267400000] [id=26060]
  0x000001f3fc0d7000 ConcurrentGCThread "G1 Main Marker" [stack: 0x0000001264d00000,0x0000001264e00000] [id=2528]
  0x000001f3fc0d9bd0 ConcurrentGCThread "G1 Conc#0" [stack: 0x0000001264e00000,0x0000001264f00000] [id=15736]
  0x000001f448397060 ConcurrentGCThread "G1 Conc#1" [stack: 0x0000001267500000,0x0000001267600000] [id=15548]
  0x000001f448397320 ConcurrentGCThread "G1 Conc#2" [stack: 0x0000001267600000,0x0000001267700000] [id=18644]
  0x000001f3ff8c6800 ConcurrentGCThread "G1 Refine#0" [stack: 0x0000001264f00000,0x0000001265000000] [id=9036]
  0x000001f448856c90 ConcurrentGCThread "G1 Refine#1" [stack: 0x0000001268200000,0x0000001268300000] [id=11236]
  0x000001f4451f0520 ConcurrentGCThread "G1 Refine#2" [stack: 0x0000001268300000,0x0000001268400000] [id=2552]
  0x000001f44781a7f0 ConcurrentGCThread "G1 Refine#3" [stack: 0x0000001264a00000,0x0000001264b00000] [id=13452]
  0x000001f448aaa550 ConcurrentGCThread "G1 Refine#4" [stack: 0x0000001268900000,0x0000001268a00000] [id=22552]
  0x000001f452d9c790 ConcurrentGCThread "G1 Refine#5" [stack: 0x0000001268f00000,0x0000001269000000] [id=27352]
  0x000001f452d9d060 ConcurrentGCThread "G1 Refine#6" [stack: 0x0000001269000000,0x0000001269100000] [id=28176]
  0x000001f452d9e4f0 ConcurrentGCThread "G1 Refine#7" [stack: 0x0000001269100000,0x0000001269200000] [id=12936]
  0x000001f452d9d930 ConcurrentGCThread "G1 Refine#8" [stack: 0x0000001269200000,0x0000001269300000] [id=17100]
  0x000001f452d9e7e0 ConcurrentGCThread "G1 Refine#9" [stack: 0x0000001269300000,0x0000001269400000] [id=14028]
  0x000001f3ff8c6fe0 ConcurrentGCThread "G1 Service" [stack: 0x0000001265000000,0x0000001265100000] [id=17076]

Threads with active compile tasks:
C2 CompilerThread0   379583 22794       4       java.io.WinNTFileSystem::normalize (143 bytes)

VM state: at safepoint (normal execution)

VM Mutex/Monitor currently owned by a thread:  ([mutex/lock_event])
[0x000001f3fc00f960] Threads_lock - owner thread: 0x000001f3ffa095b0
[0x000001f3fc00f4e0] Heap_lock - owner thread: 0x000001f44663de30

Heap address: 0x0000000600000000, size: 8192 MB, Compressed Oops mode: Zero based, Oop shift amount: 3

CDS archive(s) mapped at: [0x000001f400000000-0x000001f400bd0000-0x000001f400bd0000), size 12386304, SharedBaseAddress: 0x000001f400000000, ArchiveRelocationMode: 1.
Compressed class space mapped at: 0x000001f401000000-0x000001f441000000, reserved size: 1073741824
Narrow klass base: 0x000001f400000000, Narrow klass shift: 0, Narrow klass range: 0x100000000

GC Precious Log:
 CPUs: 12 total, 12 available
 Memory: 7876M
 Large Page Support: Disabled
 NUMA Support: Disabled
 Compressed Oops: Enabled (Zero based)
 Heap Region Size: 4M
 Heap Min Capacity: 8M
 Heap Initial Capacity: 124M
 Heap Max Capacity: 8G
 Pre-touch: Disabled
 Parallel Workers: 10
 Concurrent Workers: 3
 Concurrent Refinement Workers: 10
 Periodic GC: Disabled

Heap:
 garbage-first heap   total 1015808K, used 335475K [0x0000000600000000, 0x0000000800000000)
  region size 4096K, 2 young (8192K), 2 survivors (8192K)
 Metaspace       used 155571K, committed 156800K, reserved 1245184K
  class space    used 20006K, committed 20608K, reserved 1048576K

Heap Regions: E=young(eden), S=young(survivor), O=old, HS=humongous(starts), HC=humongous(continues), CS=collection set, F=free, OA=open archive, CA=closed archive, TAMS=top-at-mark-start (previous, next)
|   0|0x0000000600000000, 0x0000000600400000, 0x0000000600400000|100%|HS|  |TAMS 0x0000000600400000, 0x0000000600000000| Complete 
|   1|0x0000000600400000, 0x0000000600800000, 0x0000000600800000|100%| O|  |TAMS 0x0000000600800000, 0x0000000600400000| Untracked 
|   2|0x0000000600800000, 0x0000000600c00000, 0x0000000600c00000|100%| O|  |TAMS 0x0000000600c00000, 0x0000000600800000| Untracked 
|   3|0x0000000600c00000, 0x0000000600f9ce00, 0x0000000601000000| 90%| O|  |TAMS 0x0000000600f9ce00, 0x0000000600c00000| Untracked 
|   4|0x0000000601000000, 0x0000000601400000, 0x0000000601400000|100%| O|  |TAMS 0x0000000601400000, 0x0000000601000000| Untracked 
|   5|0x0000000601400000, 0x0000000601800000, 0x0000000601800000|100%| O|  |TAMS 0x0000000601800000, 0x0000000601400000| Untracked 
|   6|0x0000000601800000, 0x0000000601c00000, 0x0000000601c00000|100%| O|  |TAMS 0x0000000601c00000, 0x0000000601800000| Untracked 
|   7|0x0000000601c00000, 0x0000000602000000, 0x0000000602000000|100%| O|  |TAMS 0x0000000602000000, 0x0000000601c00000| Untracked 
|   8|0x0000000602000000, 0x0000000602400000, 0x0000000602400000|100%| O|  |TAMS 0x0000000602400000, 0x0000000602000000| Untracked 
|   9|0x0000000602400000, 0x0000000602800000, 0x0000000602800000|100%| O|  |TAMS 0x0000000602800000, 0x0000000602400000| Untracked 
|  10|0x0000000602800000, 0x0000000602c00000, 0x0000000602c00000|100%| O|  |TAMS 0x0000000602c00000, 0x0000000602800000| Untracked 
|  11|0x0000000602c00000, 0x0000000603000000, 0x0000000603000000|100%| O|  |TAMS 0x0000000603000000, 0x0000000602c00000| Untracked 
|  12|0x0000000603000000, 0x0000000603400000, 0x0000000603400000|100%| O|  |TAMS 0x0000000603400000, 0x0000000603000000| Untracked 
|  13|0x0000000603400000, 0x0000000603800000, 0x0000000603800000|100%| O|  |TAMS 0x0000000603400000, 0x0000000603400000| Untracked 
|  14|0x0000000603800000, 0x0000000603c00000, 0x0000000603c00000|100%| O|  |TAMS 0x0000000603c00000, 0x0000000603800000| Untracked 
|  15|0x0000000603c00000, 0x0000000604000000, 0x0000000604000000|100%| O|  |TAMS 0x0000000603c00000, 0x0000000603c00000| Untracked 
|  16|0x0000000604000000, 0x0000000604400000, 0x0000000604400000|100%| O|  |TAMS 0x0000000604000000, 0x0000000604000000| Untracked 
|  17|0x0000000604400000, 0x0000000604800000, 0x0000000604800000|100%| O|  |TAMS 0x0000000604400000, 0x0000000604400000| Untracked 
|  18|0x0000000604800000, 0x0000000604c00000, 0x0000000604c00000|100%| O|  |TAMS 0x0000000604800000, 0x0000000604800000| Untracked 
|  19|0x0000000604c00000, 0x0000000605000000, 0x0000000605000000|100%| O|  |TAMS 0x0000000605000000, 0x0000000604c00000| Untracked 
|  20|0x0000000605000000, 0x0000000605400000, 0x0000000605400000|100%| O|  |TAMS 0x0000000605000000, 0x0000000605000000| Untracked 
|  21|0x0000000605400000, 0x0000000605800000, 0x0000000605800000|100%| O|  |TAMS 0x0000000605400000, 0x0000000605400000| Untracked 
|  22|0x0000000605800000, 0x0000000605c00000, 0x0000000605c00000|100%| O|  |TAMS 0x0000000605c00000, 0x0000000605800000| Untracked 
|  23|0x0000000605c00000, 0x0000000606000000, 0x0000000606000000|100%| O|  |TAMS 0x0000000605c00000, 0x0000000605c00000| Untracked 
|  24|0x0000000606000000, 0x0000000606400000, 0x0000000606400000|100%| O|  |TAMS 0x0000000606000000, 0x0000000606000000| Untracked 
|  25|0x0000000606400000, 0x0000000606800000, 0x0000000606800000|100%| O|  |TAMS 0x0000000606400000, 0x0000000606400000| Untracked 
|  26|0x0000000606800000, 0x0000000606c00000, 0x0000000606c00000|100%| O|  |TAMS 0x0000000606c00000, 0x0000000606800000| Untracked 
|  27|0x0000000606c00000, 0x0000000607000000, 0x0000000607000000|100%| O|  |TAMS 0x0000000606c00000, 0x0000000606c00000| Untracked 
|  28|0x0000000607000000, 0x0000000607400000, 0x0000000607400000|100%| O|  |TAMS 0x0000000607000000, 0x0000000607000000| Untracked 
|  29|0x0000000607400000, 0x0000000607800000, 0x0000000607800000|100%| O|  |TAMS 0x0000000607400000, 0x0000000607400000| Untracked 
|  30|0x0000000607800000, 0x0000000607c00000, 0x0000000607c00000|100%| O|  |TAMS 0x0000000607800000, 0x0000000607800000| Untracked 
|  31|0x0000000607c00000, 0x0000000608000000, 0x0000000608000000|100%| O|  |TAMS 0x0000000607c00000, 0x0000000607c00000| Untracked 
|  32|0x0000000608000000, 0x0000000608400000, 0x0000000608400000|100%| O|  |TAMS 0x0000000608000000, 0x0000000608000000| Untracked 
|  33|0x0000000608400000, 0x0000000608800000, 0x0000000608800000|100%| O|  |TAMS 0x0000000608800000, 0x0000000608400000| Untracked 
|  34|0x0000000608800000, 0x0000000608c00000, 0x0000000608c00000|100%| O|  |TAMS 0x0000000608800000, 0x0000000608800000| Untracked 
|  35|0x0000000608c00000, 0x0000000609000000, 0x0000000609000000|100%| O|  |TAMS 0x0000000608c00000, 0x0000000608c00000| Untracked 
|  36|0x0000000609000000, 0x0000000609400000, 0x0000000609400000|100%| O|  |TAMS 0x0000000609000000, 0x0000000609000000| Untracked 
|  37|0x0000000609400000, 0x0000000609800000, 0x0000000609800000|100%| O|  |TAMS 0x0000000609400000, 0x0000000609400000| Untracked 
|  38|0x0000000609800000, 0x0000000609c00000, 0x0000000609c00000|100%| O|  |TAMS 0x0000000609800000, 0x0000000609800000| Untracked 
|  39|0x0000000609c00000, 0x000000060a000000, 0x000000060a000000|100%| O|  |TAMS 0x0000000609c00000, 0x0000000609c00000| Untracked 
|  40|0x000000060a000000, 0x000000060a400000, 0x000000060a400000|100%| O|  |TAMS 0x000000060a000000, 0x000000060a000000| Untracked 
|  41|0x000000060a400000, 0x000000060a800000, 0x000000060a800000|100%| O|  |TAMS 0x000000060a400000, 0x000000060a400000| Untracked 
|  42|0x000000060a800000, 0x000000060ac00000, 0x000000060ac00000|100%| O|  |TAMS 0x000000060a800000, 0x000000060a800000| Untracked 
|  43|0x000000060ac00000, 0x000000060b000000, 0x000000060b000000|100%| O|  |TAMS 0x000000060ac00000, 0x000000060ac00000| Untracked 
|  44|0x000000060b000000, 0x000000060b400000, 0x000000060b400000|100%| O|  |TAMS 0x000000060b000000, 0x000000060b000000| Untracked 
|  45|0x000000060b400000, 0x000000060b800000, 0x000000060b800000|100%| O|  |TAMS 0x000000060b400000, 0x000000060b400000| Untracked 
|  46|0x000000060b800000, 0x000000060bc00000, 0x000000060bc00000|100%| O|  |TAMS 0x000000060b800000, 0x000000060b800000| Untracked 
|  47|0x000000060bc00000, 0x000000060c000000, 0x000000060c000000|100%| O|  |TAMS 0x000000060bc00000, 0x000000060bc00000| Untracked 
|  48|0x000000060c000000, 0x000000060c400000, 0x000000060c400000|100%| O|  |TAMS 0x000000060c000000, 0x000000060c000000| Untracked 
|  49|0x000000060c400000, 0x000000060c800000, 0x000000060c800000|100%| O|  |TAMS 0x000000060c400000, 0x000000060c400000| Untracked 
|  50|0x000000060c800000, 0x000000060cc00000, 0x000000060cc00000|100%| O|  |TAMS 0x000000060c800000, 0x000000060c800000| Untracked 
|  51|0x000000060cc00000, 0x000000060d000000, 0x000000060d000000|100%| O|  |TAMS 0x000000060cc00000, 0x000000060cc00000| Untracked 
|  52|0x000000060d000000, 0x000000060d400000, 0x000000060d400000|100%| O|  |TAMS 0x000000060d000000, 0x000000060d000000| Untracked 
|  53|0x000000060d400000, 0x000000060d800000, 0x000000060d800000|100%| O|  |TAMS 0x000000060d400000, 0x000000060d400000| Untracked 
|  54|0x000000060d800000, 0x000000060dc00000, 0x000000060dc00000|100%| O|  |TAMS 0x000000060d800000, 0x000000060d800000| Untracked 
|  55|0x000000060dc00000, 0x000000060e000000, 0x000000060e000000|100%| O|  |TAMS 0x000000060dc00000, 0x000000060dc00000| Untracked 
|  56|0x000000060e000000, 0x000000060e400000, 0x000000060e400000|100%| O|  |TAMS 0x000000060e000000, 0x000000060e000000| Untracked 
|  57|0x000000060e400000, 0x000000060e800000, 0x000000060e800000|100%| O|  |TAMS 0x000000060e400000, 0x000000060e400000| Untracked 
|  58|0x000000060e800000, 0x000000060ec00000, 0x000000060ec00000|100%| O|  |TAMS 0x000000060e800000, 0x000000060e800000| Untracked 
|  59|0x000000060ec00000, 0x000000060f000000, 0x000000060f000000|100%| O|  |TAMS 0x000000060ec00000, 0x000000060ec00000| Untracked 
|  60|0x000000060f000000, 0x000000060f400000, 0x000000060f400000|100%| O|  |TAMS 0x000000060f000000, 0x000000060f000000| Untracked 
|  61|0x000000060f400000, 0x000000060f800000, 0x000000060f800000|100%| O|  |TAMS 0x000000060f400000, 0x000000060f400000| Untracked 
|  62|0x000000060f800000, 0x000000060fc00000, 0x000000060fc00000|100%| O|  |TAMS 0x000000060f800000, 0x000000060f800000| Untracked 
|  63|0x000000060fc00000, 0x0000000610000000, 0x0000000610000000|100%| O|  |TAMS 0x000000060fc00000, 0x000000060fc00000| Untracked 
|  64|0x0000000610000000, 0x0000000610400000, 0x0000000610400000|100%| O|  |TAMS 0x0000000610000000, 0x0000000610000000| Untracked 
|  65|0x0000000610400000, 0x0000000610800000, 0x0000000610800000|100%| O|  |TAMS 0x0000000610400000, 0x0000000610400000| Untracked 
|  66|0x0000000610800000, 0x0000000610c00000, 0x0000000610c00000|100%| O|  |TAMS 0x0000000610800000, 0x0000000610800000| Untracked 
|  67|0x0000000610c00000, 0x0000000611000000, 0x0000000611000000|100%| O|  |TAMS 0x0000000610c00000, 0x0000000610c00000| Untracked 
|  68|0x0000000611000000, 0x0000000611400000, 0x0000000611400000|100%| O|  |TAMS 0x0000000611000000, 0x0000000611000000| Untracked 
|  69|0x0000000611400000, 0x0000000611800000, 0x0000000611800000|100%| O|  |TAMS 0x0000000611400000, 0x0000000611400000| Untracked 
|  70|0x0000000611800000, 0x0000000611c00000, 0x0000000611c00000|100%| O|  |TAMS 0x0000000611800000, 0x0000000611800000| Untracked 
|  71|0x0000000611c00000, 0x0000000612000000, 0x0000000612000000|100%| O|  |TAMS 0x0000000611c00000, 0x0000000611c00000| Untracked 
|  72|0x0000000612000000, 0x0000000612400000, 0x0000000612400000|100%| O|  |TAMS 0x0000000612000000, 0x0000000612000000| Untracked 
|  73|0x0000000612400000, 0x0000000612800000, 0x0000000612800000|100%| O|  |TAMS 0x0000000612400000, 0x0000000612400000| Untracked 
|  74|0x0000000612800000, 0x0000000612c00000, 0x0000000612c00000|100%| O|  |TAMS 0x0000000612800000, 0x0000000612800000| Untracked 
|  75|0x0000000612c00000, 0x0000000613000000, 0x0000000613000000|100%| O|  |TAMS 0x0000000612c00000, 0x0000000612c00000| Untracked 
|  76|0x0000000613000000, 0x0000000613400000, 0x0000000613400000|100%| O|  |TAMS 0x0000000613000000, 0x0000000613000000| Untracked 
|  77|0x0000000613400000, 0x0000000613800000, 0x0000000613800000|100%| O|  |TAMS 0x0000000613400000, 0x0000000613400000| Untracked 
|  78|0x0000000613800000, 0x0000000613c00000, 0x0000000613c00000|100%| O|  |TAMS 0x0000000613800000, 0x0000000613800000| Untracked 
|  79|0x0000000613c00000, 0x0000000614000000, 0x0000000614000000|100%| O|  |TAMS 0x0000000613c00000, 0x0000000613c00000| Untracked 
|  80|0x0000000614000000, 0x0000000614000000, 0x0000000614400000|  0%| F|  |TAMS 0x0000000614000000, 0x0000000614000000| Untracked 
|  81|0x0000000614400000, 0x0000000614400000, 0x0000000614800000|  0%| F|  |TAMS 0x0000000614400000, 0x0000000614400000| Untracked 
|  82|0x0000000614800000, 0x0000000614800000, 0x0000000614c00000|  0%| F|  |TAMS 0x0000000614800000, 0x0000000614800000| Untracked 
|  83|0x0000000614c00000, 0x0000000614c00000, 0x0000000615000000|  0%| F|  |TAMS 0x0000000614c00000, 0x0000000614c00000| Untracked 
|  84|0x0000000615000000, 0x0000000615000000, 0x0000000615400000|  0%| F|  |TAMS 0x0000000615000000, 0x0000000615000000| Untracked 
|  85|0x0000000615400000, 0x0000000615400000, 0x0000000615800000|  0%| F|  |TAMS 0x0000000615400000, 0x0000000615400000| Untracked 
|  86|0x0000000615800000, 0x0000000615800000, 0x0000000615c00000|  0%| F|  |TAMS 0x0000000615800000, 0x0000000615800000| Untracked 
|  87|0x0000000615c00000, 0x0000000615c00000, 0x0000000616000000|  0%| F|  |TAMS 0x0000000615c00000, 0x0000000615c00000| Untracked 
|  88|0x0000000616000000, 0x0000000616000000, 0x0000000616400000|  0%| F|  |TAMS 0x0000000616000000, 0x0000000616000000| Untracked 
|  89|0x0000000616400000, 0x0000000616400000, 0x0000000616800000|  0%| F|  |TAMS 0x0000000616400000, 0x0000000616400000| Untracked 
|  90|0x0000000616800000, 0x0000000616800000, 0x0000000616c00000|  0%| F|  |TAMS 0x0000000616800000, 0x0000000616800000| Untracked 
|  91|0x0000000616c00000, 0x0000000616c00000, 0x0000000617000000|  0%| F|  |TAMS 0x0000000616c00000, 0x0000000616c00000| Untracked 
|  92|0x0000000617000000, 0x0000000617000000, 0x0000000617400000|  0%| F|  |TAMS 0x0000000617000000, 0x0000000617000000| Untracked 
|  93|0x0000000617400000, 0x0000000617400000, 0x0000000617800000|  0%| F|  |TAMS 0x0000000617400000, 0x0000000617400000| Untracked 
|  94|0x0000000617800000, 0x0000000617800000, 0x0000000617c00000|  0%| F|  |TAMS 0x0000000617800000, 0x0000000617800000| Untracked 
|  95|0x0000000617c00000, 0x0000000617c00000, 0x0000000618000000|  0%| F|  |TAMS 0x0000000617c00000, 0x0000000617c00000| Untracked 
|  96|0x0000000618000000, 0x0000000618000000, 0x0000000618400000|  0%| F|  |TAMS 0x0000000618000000, 0x0000000618000000| Untracked 
|  97|0x0000000618400000, 0x0000000618400000, 0x0000000618800000|  0%| F|  |TAMS 0x0000000618400000, 0x0000000618400000| Untracked 
|  98|0x0000000618800000, 0x0000000618800000, 0x0000000618c00000|  0%| F|  |TAMS 0x0000000618800000, 0x0000000618800000| Untracked 
|  99|0x0000000618c00000, 0x0000000618c00000, 0x0000000619000000|  0%| F|  |TAMS 0x0000000618c00000, 0x0000000618c00000| Untracked 
| 100|0x0000000619000000, 0x0000000619000000, 0x0000000619400000|  0%| F|  |TAMS 0x0000000619000000, 0x0000000619000000| Untracked 
| 101|0x0000000619400000, 0x0000000619400000, 0x0000000619800000|  0%| F|  |TAMS 0x0000000619400000, 0x0000000619400000| Untracked 
| 102|0x0000000619800000, 0x0000000619800000, 0x0000000619c00000|  0%| F|  |TAMS 0x0000000619800000, 0x0000000619800000| Untracked 
| 103|0x0000000619c00000, 0x0000000619c00000, 0x000000061a000000|  0%| F|  |TAMS 0x0000000619c00000, 0x0000000619c00000| Untracked 
| 104|0x000000061a000000, 0x000000061a000000, 0x000000061a400000|  0%| F|  |TAMS 0x000000061a000000, 0x000000061a000000| Untracked 
| 105|0x000000061a400000, 0x000000061a400000, 0x000000061a800000|  0%| F|  |TAMS 0x000000061a400000, 0x000000061a400000| Untracked 
| 106|0x000000061a800000, 0x000000061a800000, 0x000000061ac00000|  0%| F|  |TAMS 0x000000061a800000, 0x000000061a800000| Untracked 
| 107|0x000000061ac00000, 0x000000061ac00000, 0x000000061b000000|  0%| F|  |TAMS 0x000000061ac00000, 0x000000061ac00000| Untracked 
| 108|0x000000061b000000, 0x000000061b000000, 0x000000061b400000|  0%| F|  |TAMS 0x000000061b000000, 0x000000061b000000| Untracked 
| 109|0x000000061b400000, 0x000000061b400000, 0x000000061b800000|  0%| F|  |TAMS 0x000000061b400000, 0x000000061b400000| Untracked 
| 110|0x000000061b800000, 0x000000061b800000, 0x000000061bc00000|  0%| F|  |TAMS 0x000000061b800000, 0x000000061b800000| Untracked 
| 111|0x000000061bc00000, 0x000000061bc00000, 0x000000061c000000|  0%| F|  |TAMS 0x000000061bc00000, 0x000000061bc00000| Untracked 
| 112|0x000000061c000000, 0x000000061c000000, 0x000000061c400000|  0%| F|  |TAMS 0x000000061c000000, 0x000000061c000000| Untracked 
| 113|0x000000061c400000, 0x000000061c400000, 0x000000061c800000|  0%| F|  |TAMS 0x000000061c400000, 0x000000061c400000| Untracked 
| 114|0x000000061c800000, 0x000000061c800000, 0x000000061cc00000|  0%| F|  |TAMS 0x000000061c800000, 0x000000061c800000| Untracked 
| 115|0x000000061cc00000, 0x000000061cc00000, 0x000000061d000000|  0%| F|  |TAMS 0x000000061cc00000, 0x000000061cc00000| Untracked 
| 116|0x000000061d000000, 0x000000061d000000, 0x000000061d400000|  0%| F|  |TAMS 0x000000061d000000, 0x000000061d000000| Untracked 
| 117|0x000000061d400000, 0x000000061d400000, 0x000000061d800000|  0%| F|  |TAMS 0x000000061d400000, 0x000000061d400000| Untracked 
| 118|0x000000061d800000, 0x000000061d800000, 0x000000061dc00000|  0%| F|  |TAMS 0x000000061d800000, 0x000000061d800000| Untracked 
| 119|0x000000061dc00000, 0x000000061dc00000, 0x000000061e000000|  0%| F|  |TAMS 0x000000061dc00000, 0x000000061dc00000| Untracked 
| 120|0x000000061e000000, 0x000000061e000000, 0x000000061e400000|  0%| F|  |TAMS 0x000000061e000000, 0x000000061e000000| Untracked 
| 121|0x000000061e400000, 0x000000061e400000, 0x000000061e800000|  0%| F|  |TAMS 0x000000061e400000, 0x000000061e400000| Untracked 
| 122|0x000000061e800000, 0x000000061e800000, 0x000000061ec00000|  0%| F|  |TAMS 0x000000061e800000, 0x000000061e800000| Untracked 
| 123|0x000000061ec00000, 0x000000061ec00000, 0x000000061f000000|  0%| F|  |TAMS 0x000000061ec00000, 0x000000061ec00000| Untracked 
| 124|0x000000061f000000, 0x000000061f000000, 0x000000061f400000|  0%| F|  |TAMS 0x000000061f000000, 0x000000061f000000| Untracked 
| 125|0x000000061f400000, 0x000000061f400000, 0x000000061f800000|  0%| F|  |TAMS 0x000000061f400000, 0x000000061f400000| Untracked 
| 126|0x000000061f800000, 0x000000061f800000, 0x000000061fc00000|  0%| F|  |TAMS 0x000000061f800000, 0x000000061f800000| Untracked 
| 127|0x000000061fc00000, 0x000000061fc00000, 0x0000000620000000|  0%| F|  |TAMS 0x000000061fc00000, 0x000000061fc00000| Untracked 
| 128|0x0000000620000000, 0x0000000620000000, 0x0000000620400000|  0%| F|  |TAMS 0x0000000620000000, 0x0000000620000000| Untracked 
| 129|0x0000000620400000, 0x0000000620400000, 0x0000000620800000|  0%| F|  |TAMS 0x0000000620400000, 0x0000000620400000| Untracked 
| 130|0x0000000620800000, 0x0000000620800000, 0x0000000620c00000|  0%| F|  |TAMS 0x0000000620800000, 0x0000000620800000| Untracked 
| 131|0x0000000620c00000, 0x0000000620c00000, 0x0000000621000000|  0%| F|  |TAMS 0x0000000620c00000, 0x0000000620c00000| Untracked 
| 132|0x0000000621000000, 0x0000000621000000, 0x0000000621400000|  0%| F|  |TAMS 0x0000000621000000, 0x0000000621000000| Untracked 
| 133|0x0000000621400000, 0x0000000621400000, 0x0000000621800000|  0%| F|  |TAMS 0x0000000621400000, 0x0000000621400000| Untracked 
| 134|0x0000000621800000, 0x0000000621800000, 0x0000000621c00000|  0%| F|  |TAMS 0x0000000621800000, 0x0000000621800000| Untracked 
| 135|0x0000000621c00000, 0x0000000621c00000, 0x0000000622000000|  0%| F|  |TAMS 0x0000000621c00000, 0x0000000621c00000| Untracked 
| 136|0x0000000622000000, 0x0000000622000000, 0x0000000622400000|  0%| F|  |TAMS 0x0000000622000000, 0x0000000622000000| Untracked 
| 137|0x0000000622400000, 0x0000000622400000, 0x0000000622800000|  0%| F|  |TAMS 0x0000000622400000, 0x0000000622400000| Untracked 
| 138|0x0000000622800000, 0x0000000622800000, 0x0000000622c00000|  0%| F|  |TAMS 0x0000000622800000, 0x0000000622800000| Untracked 
| 139|0x0000000622c00000, 0x0000000622c00000, 0x0000000623000000|  0%| F|  |TAMS 0x0000000622c00000, 0x0000000622c00000| Untracked 
| 140|0x0000000623000000, 0x0000000623000000, 0x0000000623400000|  0%| F|  |TAMS 0x0000000623000000, 0x0000000623000000| Untracked 
| 141|0x0000000623400000, 0x0000000623400000, 0x0000000623800000|  0%| F|  |TAMS 0x0000000623400000, 0x0000000623400000| Untracked 
| 142|0x0000000623800000, 0x0000000623800000, 0x0000000623c00000|  0%| F|  |TAMS 0x0000000623800000, 0x0000000623800000| Untracked 
| 143|0x0000000623c00000, 0x0000000623c00000, 0x0000000624000000|  0%| F|  |TAMS 0x0000000623c00000, 0x0000000623c00000| Untracked 
| 144|0x0000000624000000, 0x0000000624000000, 0x0000000624400000|  0%| F|  |TAMS 0x0000000624000000, 0x0000000624000000| Untracked 
| 145|0x0000000624400000, 0x0000000624400000, 0x0000000624800000|  0%| F|  |TAMS 0x0000000624400000, 0x0000000624400000| Untracked 
| 146|0x0000000624800000, 0x0000000624800000, 0x0000000624c00000|  0%| F|  |TAMS 0x0000000624800000, 0x0000000624800000| Untracked 
| 147|0x0000000624c00000, 0x0000000624c00000, 0x0000000625000000|  0%| F|  |TAMS 0x0000000624c00000, 0x0000000624c00000| Untracked 
| 148|0x0000000625000000, 0x0000000625000000, 0x0000000625400000|  0%| F|  |TAMS 0x0000000625000000, 0x0000000625000000| Untracked 
| 149|0x0000000625400000, 0x0000000625400000, 0x0000000625800000|  0%| F|  |TAMS 0x0000000625400000, 0x0000000625400000| Untracked 
| 150|0x0000000625800000, 0x0000000625800000, 0x0000000625c00000|  0%| F|  |TAMS 0x0000000625800000, 0x0000000625800000| Untracked 
| 151|0x0000000625c00000, 0x0000000625c00000, 0x0000000626000000|  0%| F|  |TAMS 0x0000000625c00000, 0x0000000625c00000| Untracked 
| 152|0x0000000626000000, 0x0000000626000000, 0x0000000626400000|  0%| F|  |TAMS 0x0000000626000000, 0x0000000626000000| Untracked 
| 153|0x0000000626400000, 0x0000000626400000, 0x0000000626800000|  0%| F|  |TAMS 0x0000000626400000, 0x0000000626400000| Untracked 
| 154|0x0000000626800000, 0x0000000626800000, 0x0000000626c00000|  0%| F|  |TAMS 0x0000000626800000, 0x0000000626800000| Untracked 
| 155|0x0000000626c00000, 0x0000000626c00000, 0x0000000627000000|  0%| F|  |TAMS 0x0000000626c00000, 0x0000000626c00000| Untracked 
| 156|0x0000000627000000, 0x0000000627000000, 0x0000000627400000|  0%| F|  |TAMS 0x0000000627000000, 0x0000000627000000| Untracked 
| 157|0x0000000627400000, 0x0000000627400000, 0x0000000627800000|  0%| F|  |TAMS 0x0000000627400000, 0x0000000627400000| Untracked 
| 158|0x0000000627800000, 0x0000000627800000, 0x0000000627c00000|  0%| F|  |TAMS 0x0000000627800000, 0x0000000627800000| Untracked 
| 159|0x0000000627c00000, 0x0000000627c00000, 0x0000000628000000|  0%| F|  |TAMS 0x0000000627c00000, 0x0000000627c00000| Untracked 
| 160|0x0000000628000000, 0x0000000628000000, 0x0000000628400000|  0%| F|  |TAMS 0x0000000628000000, 0x0000000628000000| Untracked 
| 161|0x0000000628400000, 0x0000000628400000, 0x0000000628800000|  0%| F|  |TAMS 0x0000000628400000, 0x0000000628400000| Untracked 
| 162|0x0000000628800000, 0x0000000628800000, 0x0000000628c00000|  0%| F|  |TAMS 0x0000000628800000, 0x0000000628800000| Untracked 
| 163|0x0000000628c00000, 0x0000000628c00000, 0x0000000629000000|  0%| F|  |TAMS 0x0000000628c00000, 0x0000000628c00000| Untracked 
| 164|0x0000000629000000, 0x0000000629000000, 0x0000000629400000|  0%| F|  |TAMS 0x0000000629000000, 0x0000000629000000| Untracked 
| 165|0x0000000629400000, 0x0000000629400000, 0x0000000629800000|  0%| F|  |TAMS 0x0000000629400000, 0x0000000629400000| Untracked 
| 166|0x0000000629800000, 0x0000000629800000, 0x0000000629c00000|  0%| F|  |TAMS 0x0000000629800000, 0x0000000629800000| Untracked 
| 167|0x0000000629c00000, 0x0000000629c00000, 0x000000062a000000|  0%| F|  |TAMS 0x0000000629c00000, 0x0000000629c00000| Untracked 
| 168|0x000000062a000000, 0x000000062a000000, 0x000000062a400000|  0%| F|  |TAMS 0x000000062a000000, 0x000000062a000000| Untracked 
| 169|0x000000062a400000, 0x000000062a400000, 0x000000062a800000|  0%| F|  |TAMS 0x000000062a400000, 0x000000062a400000| Untracked 
| 170|0x000000062a800000, 0x000000062a800000, 0x000000062ac00000|  0%| F|  |TAMS 0x000000062a800000, 0x000000062a800000| Untracked 
| 171|0x000000062ac00000, 0x000000062ac00000, 0x000000062b000000|  0%| F|  |TAMS 0x000000062ac00000, 0x000000062ac00000| Untracked 
| 172|0x000000062b000000, 0x000000062b000000, 0x000000062b400000|  0%| F|  |TAMS 0x000000062b000000, 0x000000062b000000| Untracked 
| 173|0x000000062b400000, 0x000000062b400000, 0x000000062b800000|  0%| F|  |TAMS 0x000000062b400000, 0x000000062b400000| Untracked 
| 174|0x000000062b800000, 0x000000062b800000, 0x000000062bc00000|  0%| F|  |TAMS 0x000000062b800000, 0x000000062b800000| Untracked 
| 175|0x000000062bc00000, 0x000000062bc00000, 0x000000062c000000|  0%| F|  |TAMS 0x000000062bc00000, 0x000000062bc00000| Untracked 
| 176|0x000000062c000000, 0x000000062c000000, 0x000000062c400000|  0%| F|  |TAMS 0x000000062c000000, 0x000000062c000000| Untracked 
| 177|0x000000062c400000, 0x000000062c400000, 0x000000062c800000|  0%| F|  |TAMS 0x000000062c400000, 0x000000062c400000| Untracked 
| 178|0x000000062c800000, 0x000000062c800000, 0x000000062cc00000|  0%| F|  |TAMS 0x000000062c800000, 0x000000062c800000| Untracked 
| 179|0x000000062cc00000, 0x000000062cc00000, 0x000000062d000000|  0%| F|  |TAMS 0x000000062cc00000, 0x000000062cc00000| Untracked 
| 180|0x000000062d000000, 0x000000062d000000, 0x000000062d400000|  0%| F|  |TAMS 0x000000062d000000, 0x000000062d000000| Untracked 
| 181|0x000000062d400000, 0x000000062d400000, 0x000000062d800000|  0%| F|  |TAMS 0x000000062d400000, 0x000000062d400000| Untracked 
| 182|0x000000062d800000, 0x000000062d800000, 0x000000062dc00000|  0%| F|  |TAMS 0x000000062d800000, 0x000000062d800000| Untracked 
| 183|0x000000062dc00000, 0x000000062dc00000, 0x000000062e000000|  0%| F|  |TAMS 0x000000062dc00000, 0x000000062dc00000| Untracked 
| 184|0x000000062e000000, 0x000000062e000000, 0x000000062e400000|  0%| F|  |TAMS 0x000000062e000000, 0x000000062e000000| Untracked 
| 185|0x000000062e400000, 0x000000062e400000, 0x000000062e800000|  0%| F|  |TAMS 0x000000062e400000, 0x000000062e400000| Untracked 
| 186|0x000000062e800000, 0x000000062e800000, 0x000000062ec00000|  0%| F|  |TAMS 0x000000062e800000, 0x000000062e800000| Untracked 
| 187|0x000000062ec00000, 0x000000062ec00000, 0x000000062f000000|  0%| F|  |TAMS 0x000000062ec00000, 0x000000062ec00000| Untracked 
| 188|0x000000062f000000, 0x000000062f000000, 0x000000062f400000|  0%| F|  |TAMS 0x000000062f000000, 0x000000062f000000| Untracked 
| 189|0x000000062f400000, 0x000000062f400000, 0x000000062f800000|  0%| F|  |TAMS 0x000000062f400000, 0x000000062f400000| Untracked 
| 190|0x000000062f800000, 0x000000062f800000, 0x000000062fc00000|  0%| F|  |TAMS 0x000000062f800000, 0x000000062f800000| Untracked 
| 191|0x000000062fc00000, 0x000000062fc00000, 0x0000000630000000|  0%| F|  |TAMS 0x000000062fc00000, 0x000000062fc00000| Untracked 
| 192|0x0000000630000000, 0x0000000630000000, 0x0000000630400000|  0%| F|  |TAMS 0x0000000630000000, 0x0000000630000000| Untracked 
| 193|0x0000000630400000, 0x0000000630400000, 0x0000000630800000|  0%| F|  |TAMS 0x0000000630400000, 0x0000000630400000| Untracked 
| 194|0x0000000630800000, 0x0000000630800000, 0x0000000630c00000|  0%| F|  |TAMS 0x0000000630800000, 0x0000000630800000| Untracked 
| 195|0x0000000630c00000, 0x0000000630c00000, 0x0000000631000000|  0%| F|  |TAMS 0x0000000630c00000, 0x0000000630c00000| Untracked 
| 196|0x0000000631000000, 0x0000000631000000, 0x0000000631400000|  0%| F|  |TAMS 0x0000000631000000, 0x0000000631000000| Untracked 
| 197|0x0000000631400000, 0x0000000631400000, 0x0000000631800000|  0%| F|  |TAMS 0x0000000631400000, 0x0000000631400000| Untracked 
| 198|0x0000000631800000, 0x0000000631800000, 0x0000000631c00000|  0%| F|  |TAMS 0x0000000631800000, 0x0000000631800000| Untracked 
| 199|0x0000000631c00000, 0x0000000631c00000, 0x0000000632000000|  0%| F|  |TAMS 0x0000000631c00000, 0x0000000631c00000| Untracked 
| 200|0x0000000632000000, 0x0000000632000000, 0x0000000632400000|  0%| F|  |TAMS 0x0000000632000000, 0x0000000632000000| Untracked 
| 201|0x0000000632400000, 0x0000000632400000, 0x0000000632800000|  0%| F|  |TAMS 0x0000000632400000, 0x0000000632400000| Untracked 
| 202|0x0000000632800000, 0x0000000632800000, 0x0000000632c00000|  0%| F|  |TAMS 0x0000000632800000, 0x0000000632800000| Untracked 
| 203|0x0000000632c00000, 0x0000000632c00000, 0x0000000633000000|  0%| F|  |TAMS 0x0000000632c00000, 0x0000000632c00000| Untracked 
| 204|0x0000000633000000, 0x0000000633000000, 0x0000000633400000|  0%| F|  |TAMS 0x0000000633000000, 0x0000000633000000| Untracked 
| 205|0x0000000633400000, 0x0000000633400000, 0x0000000633800000|  0%| F|  |TAMS 0x0000000633400000, 0x0000000633400000| Untracked 
| 206|0x0000000633800000, 0x0000000633800000, 0x0000000633c00000|  0%| F|  |TAMS 0x0000000633800000, 0x0000000633800000| Untracked 
| 207|0x0000000633c00000, 0x0000000633c00000, 0x0000000634000000|  0%| F|  |TAMS 0x0000000633c00000, 0x0000000633c00000| Untracked 
| 208|0x0000000634000000, 0x0000000634000000, 0x0000000634400000|  0%| F|  |TAMS 0x0000000634000000, 0x0000000634000000| Untracked 
| 209|0x0000000634400000, 0x0000000634400000, 0x0000000634800000|  0%| F|  |TAMS 0x0000000634400000, 0x0000000634400000| Untracked 
| 210|0x0000000634800000, 0x0000000634800000, 0x0000000634c00000|  0%| F|  |TAMS 0x0000000634800000, 0x0000000634800000| Untracked 
| 211|0x0000000634c00000, 0x0000000634c00000, 0x0000000635000000|  0%| F|  |TAMS 0x0000000634c00000, 0x0000000634c00000| Untracked 
| 212|0x0000000635000000, 0x0000000635000000, 0x0000000635400000|  0%| F|  |TAMS 0x0000000635000000, 0x0000000635000000| Untracked 
| 213|0x0000000635400000, 0x0000000635400000, 0x0000000635800000|  0%| F|  |TAMS 0x0000000635400000, 0x0000000635400000| Untracked 
| 214|0x0000000635800000, 0x0000000635800000, 0x0000000635c00000|  0%| F|  |TAMS 0x0000000635800000, 0x0000000635800000| Untracked 
| 215|0x0000000635c00000, 0x0000000635c00000, 0x0000000636000000|  0%| F|  |TAMS 0x0000000635c00000, 0x0000000635c00000| Untracked 
| 216|0x0000000636000000, 0x0000000636000000, 0x0000000636400000|  0%| F|  |TAMS 0x0000000636000000, 0x0000000636000000| Untracked 
| 217|0x0000000636400000, 0x0000000636400000, 0x0000000636800000|  0%| F|  |TAMS 0x0000000636400000, 0x0000000636400000| Untracked 
| 218|0x0000000636800000, 0x0000000636800000, 0x0000000636c00000|  0%| F|  |TAMS 0x0000000636800000, 0x0000000636800000| Untracked 
| 219|0x0000000636c00000, 0x0000000636c00000, 0x0000000637000000|  0%| F|  |TAMS 0x0000000636c00000, 0x0000000636c00000| Untracked 
| 220|0x0000000637000000, 0x0000000637000000, 0x0000000637400000|  0%| F|  |TAMS 0x0000000637000000, 0x0000000637000000| Untracked 
| 221|0x0000000637400000, 0x0000000637400000, 0x0000000637800000|  0%| F|  |TAMS 0x0000000637400000, 0x0000000637400000| Untracked 
| 222|0x0000000637800000, 0x0000000637800000, 0x0000000637c00000|  0%| F|  |TAMS 0x0000000637800000, 0x0000000637800000| Untracked 
| 223|0x0000000637c00000, 0x0000000637c00000, 0x0000000638000000|  0%| F|  |TAMS 0x0000000637c00000, 0x0000000637c00000| Untracked 
| 224|0x0000000638000000, 0x0000000638000000, 0x0000000638400000|  0%| F|  |TAMS 0x0000000638000000, 0x0000000638000000| Untracked 
| 225|0x0000000638400000, 0x0000000638400000, 0x0000000638800000|  0%| F|  |TAMS 0x0000000638400000, 0x0000000638400000| Untracked 
| 226|0x0000000638800000, 0x0000000638800000, 0x0000000638c00000|  0%| F|  |TAMS 0x0000000638800000, 0x0000000638800000| Untracked 
| 227|0x0000000638c00000, 0x0000000638c00000, 0x0000000639000000|  0%| F|  |TAMS 0x0000000638c00000, 0x0000000638c00000| Untracked 
| 228|0x0000000639000000, 0x0000000639000000, 0x0000000639400000|  0%| F|  |TAMS 0x0000000639000000, 0x0000000639000000| Untracked 
| 229|0x0000000639400000, 0x0000000639400000, 0x0000000639800000|  0%| F|  |TAMS 0x0000000639400000, 0x0000000639400000| Untracked 
| 230|0x0000000639800000, 0x0000000639800000, 0x0000000639c00000|  0%| F|  |TAMS 0x0000000639800000, 0x0000000639800000| Untracked 
| 231|0x0000000639c00000, 0x0000000639c00000, 0x000000063a000000|  0%| F|  |TAMS 0x0000000639c00000, 0x0000000639c00000| Untracked 
| 232|0x000000063a000000, 0x000000063a000000, 0x000000063a400000|  0%| F|  |TAMS 0x000000063a000000, 0x000000063a000000| Untracked 
| 233|0x000000063a400000, 0x000000063a400000, 0x000000063a800000|  0%| F|  |TAMS 0x000000063a400000, 0x000000063a400000| Untracked 
| 234|0x000000063a800000, 0x000000063ac00000, 0x000000063ac00000|100%| S|CS|TAMS 0x000000063a800000, 0x000000063a800000| Complete 
| 235|0x000000063ac00000, 0x000000063b000000, 0x000000063b000000|100%| S|CS|TAMS 0x000000063ac00000, 0x000000063ac00000| Complete 
| 236|0x000000063b000000, 0x000000063b000000, 0x000000063b400000|  0%| F|  |TAMS 0x000000063b000000, 0x000000063b000000| Untracked 
| 237|0x000000063b400000, 0x000000063b400000, 0x000000063b800000|  0%| F|  |TAMS 0x000000063b400000, 0x000000063b400000| Untracked 
| 238|0x000000063b800000, 0x000000063b800000, 0x000000063bc00000|  0%| F|  |TAMS 0x000000063b800000, 0x000000063b800000| Untracked 
| 239|0x000000063bc00000, 0x000000063bc00000, 0x000000063c000000|  0%| F|  |TAMS 0x000000063bc00000, 0x000000063bc00000| Untracked 
| 240|0x000000063c000000, 0x000000063c000000, 0x000000063c400000|  0%| F|  |TAMS 0x000000063c000000, 0x000000063c000000| Untracked 
| 241|0x000000063c400000, 0x000000063c400000, 0x000000063c800000|  0%| F|  |TAMS 0x000000063c400000, 0x000000063c400000| Untracked 
| 242|0x000000063c800000, 0x000000063c800000, 0x000000063cc00000|  0%| F|  |TAMS 0x000000063c800000, 0x000000063c800000| Untracked 
| 243|0x000000063cc00000, 0x000000063cc00000, 0x000000063d000000|  0%| F|  |TAMS 0x000000063cc00000, 0x000000063cc00000| Untracked 
| 244|0x000000063d000000, 0x000000063d000000, 0x000000063d400000|  0%| F|  |TAMS 0x000000063d000000, 0x000000063d000000| Untracked 
| 245|0x000000063d400000, 0x000000063d400000, 0x000000063d800000|  0%| F|  |TAMS 0x000000063d400000, 0x000000063d400000| Untracked 
| 246|0x000000063d800000, 0x000000063d800000, 0x000000063dc00000|  0%| F|  |TAMS 0x000000063d800000, 0x000000063d800000| Untracked 
| 247|0x000000063dc00000, 0x000000063dc00000, 0x000000063e000000|  0%| F|  |TAMS 0x000000063dc00000, 0x000000063dc00000| Untracked 

Card table byte_map: [0x000001f3fd850000,0x000001f3fe850000] _byte_map_base: 0x000001f3fa850000

Marking Bits (Prev, Next): (CMBitMap*) 0x000001f3fc0c65b0, (CMBitMap*) 0x000001f3fc0c6570
 Prev Bits: [0x000001f3af7f0000, 0x000001f3b77f0000)
 Next Bits: [0x000001f3a77f0000, 0x000001f3af7f0000)

Polling page: 0x000001f3f9f70000

Metaspace:

Usage:
  Non-class:    132.39 MB used.
      Class:     19.54 MB used.
       Both:    151.93 MB used.

Virtual space:
  Non-class space:      192.00 MB reserved,     133.00 MB ( 69%) committed,  3 nodes.
      Class space:        1.00 GB reserved,      20.12 MB (  2%) committed,  1 nodes.
             Both:        1.19 GB reserved,     153.12 MB ( 13%) committed. 

Chunk freelists:
   Non-Class:  10.88 MB
       Class:  11.85 MB
        Both:  22.72 MB

MaxMetaspaceSize: 4.00 GB
CompressedClassSpaceSize: 1.00 GB
Initial GC threshold: 21.00 MB
Current GC threshold: 192.19 MB
CDS: on
MetaspaceReclaimPolicy: balanced
 - commit_granule_bytes: 65536.
 - commit_granule_words: 8192.
 - virtual_space_node_default_size: 8388608.
 - enlarge_chunks_in_place: 1.
 - new_chunks_are_fully_committed: 0.
 - uncommit_free_chunks: 1.
 - use_allocation_guard: 0.
 - handle_deallocations: 1.


Internal statistics:

num_allocs_failed_limit: 9.
num_arena_births: 1864.
num_arena_deaths: 14.
num_vsnodes_births: 4.
num_vsnodes_deaths: 0.
num_space_committed: 2448.
num_space_uncommitted: 0.
num_chunks_returned_to_freelist: 37.
num_chunks_taken_from_freelist: 8194.
num_chunk_merges: 11.
num_chunk_splits: 5779.
num_chunks_enlarged: 4275.
num_inconsistent_stats: 0.

CodeHeap 'non-profiled nmethods': size=259264Kb used=11754Kb max_used=11754Kb free=247510Kb
 bounds [0x000001f397ac0000, 0x000001f398640000, 0x000001f3a77f0000]
CodeHeap 'profiled nmethods': size=259264Kb used=45571Kb max_used=45571Kb free=213692Kb
 bounds [0x000001f3877f0000, 0x000001f38a480000, 0x000001f397520000]
CodeHeap 'non-nmethods': size=5760Kb used=2004Kb max_used=2021Kb free=3755Kb
 bounds [0x000001f397520000, 0x000001f397790000, 0x000001f397ac0000]
 total_blobs=20433 nmethods=19326 adapters=1014
 compilation: enabled
              stopped_count=0, restarted_count=0
 full_count=0

Compilation events (20 events):
Event: 377.595 Thread 0x000001f3ffa2be50 22873       2       org.jetbrains.kotlin.com.intellij.psi.stubs.MostlyUShortIntList::<init> (17 bytes)
Event: 377.595 Thread 0x000001f3ffa2be50 nmethod 22873 0x000001f38a46b990 code [0x000001f38a46bb20, 0x000001f38a46bdf8]
Event: 377.595 Thread 0x000001f3ffa2be50 22874       2       org.jetbrains.kotlin.com.intellij.util.containers.UnsignedShortArrayList::<init> (12 bytes)
Event: 377.596 Thread 0x000001f3ffa2be50 nmethod 22874 0x000001f38a46bf10 code [0x000001f38a46c0a0, 0x000001f38a46c298]
Event: 377.597 Thread 0x000001f3ffa2be50 22875       2       org.jetbrains.kotlin.com.intellij.psi.impl.compiled.ClsClassImpl::getQualifiedName (13 bytes)
Event: 377.599 Thread 0x000001f3ffa2be50 nmethod 22875 0x000001f38a46c390 code [0x000001f38a46c520, 0x000001f38a46c6d8]
Event: 377.599 Thread 0x000001f3ffa2be50 22876       2       org.jetbrains.kotlin.com.intellij.psi.infos.CandidateInfo::getElement (14 bytes)
Event: 377.599 Thread 0x000001f3ffa2be50 nmethod 22876 0x000001f38a46c810 code [0x000001f38a46c9a0, 0x000001f38a46cae8]
Event: 377.599 Thread 0x000001f3ffa2be50 22877       2       org.jetbrains.kotlin.fir.resolve.SupertypeUtilsKt::isThereLoopInSupertypes$dfs (218 bytes)
Event: 377.601 Thread 0x000001f3ffa2be50 nmethod 22877 0x000001f38a46cb90 code [0x000001f38a46ce20, 0x000001f38a46d438]
Event: 377.601 Thread 0x000001f3ffa2be50 22882       3       org.jetbrains.kotlin.fir.java.declarations.FirJavaMethod::getSymbol (8 bytes)
Event: 377.601 Thread 0x000001f3ffa2be50 nmethod 22882 0x000001f38a46d790 code [0x000001f38a46d920, 0x000001f38a46da38]
Event: 377.602 Thread 0x000001f3ffa2be50 22879       2       org.jetbrains.kotlin.fir.java.JavaScopeProvider::getUseSiteMemberScope (72 bytes)
Event: 377.605 Thread 0x000001f3ffa2be50 nmethod 22879 0x000001f38a46db10 code [0x000001f38a46dde0, 0x000001f38a46e6c8]
Event: 377.605 Thread 0x000001f3ffa2be50 22880       2       org.jetbrains.kotlin.fir.java.JavaScopeProvider::buildJavaEnhancementScope (231 bytes)
Event: 377.609 Thread 0x000001f3ffa2be50 nmethod 22880 0x000001f38a46ec90 code [0x000001f38a46f020, 0x000001f38a46fd68]
Event: 377.609 Thread 0x000001f3ffa2be50 22881       2       org.jetbrains.kotlin.fir.java.JavaScopeProviderKt::access$getJAVA_ENHANCEMENT$p (4 bytes)
Event: 377.609 Thread 0x000001f3ffa2be50 nmethod 22881 0x000001f38909d710 code [0x000001f38909d8a0, 0x000001f38909d998]
Event: 377.609 Thread 0x000001f3ffa2be50 22878       2       org.jetbrains.kotlin.load.java.AbstractAnnotationTypeQualifierResolver::extractDefaultQualifiers (121 bytes)
Event: 377.610 Thread 0x000001f3ffa2be50 nmethod 22878 0x000001f38a470690 code [0x000001f38a470940, 0x000001f38a471288]

GC Heap History (20 events):
Event: 221.846 GC heap after
{Heap after GC invocations=56 (full 0):
 garbage-first heap   total 528384K, used 212469K [0x0000000600000000, 0x0000000800000000)
  region size 4096K, 3 young (12288K), 3 survivors (12288K)
 Metaspace       used 151088K, committed 152256K, reserved 1245184K
  class space    used 19639K, committed 20160K, reserved 1048576K
}
Event: 330.876 GC heap before
{Heap before GC invocations=56 (full 0):
 garbage-first heap   total 528384K, used 298485K [0x0000000600000000, 0x0000000800000000)
  region size 4096K, 24 young (98304K), 3 survivors (12288K)
 Metaspace       used 152053K, committed 153280K, reserved 1245184K
  class space    used 19704K, committed 20288K, reserved 1048576K
}
Event: 331.469 GC heap after
{Heap after GC invocations=57 (full 0):
 garbage-first heap   total 528384K, used 218753K [0x0000000600000000, 0x0000000800000000)
  region size 4096K, 3 young (12288K), 3 survivors (12288K)
 Metaspace       used 152053K, committed 153280K, reserved 1245184K
  class space    used 19704K, committed 20288K, reserved 1048576K
}
Event: 332.121 GC heap before
{Heap before GC invocations=57 (full 0):
 garbage-first heap   total 528384K, used 226945K [0x0000000600000000, 0x0000000800000000)
  region size 4096K, 6 young (24576K), 3 survivors (12288K)
 Metaspace       used 152081K, committed 153344K, reserved 1245184K
  class space    used 19705K, committed 20288K, reserved 1048576K
}
Event: 332.200 GC heap after
{Heap after GC invocations=58 (full 0):
 garbage-first heap   total 528384K, used 221009K [0x0000000600000000, 0x0000000800000000)
  region size 4096K, 1 young (4096K), 1 survivors (4096K)
 Metaspace       used 152081K, committed 153344K, reserved 1245184K
  class space    used 19705K, committed 20288K, reserved 1048576K
}
Event: 350.840 GC heap before
{Heap before GC invocations=58 (full 0):
 garbage-first heap   total 528384K, used 282449K [0x0000000600000000, 0x0000000800000000)
  region size 4096K, 17 young (69632K), 1 survivors (4096K)
 Metaspace       used 152225K, committed 153472K, reserved 1245184K
  class space    used 19714K, committed 20288K, reserved 1048576K
}
Event: 351.383 GC heap after
{Heap after GC invocations=59 (full 0):
 garbage-first heap   total 528384K, used 221898K [0x0000000600000000, 0x0000000800000000)
  region size 4096K, 2 young (8192K), 2 survivors (8192K)
 Metaspace       used 152225K, committed 153472K, reserved 1245184K
  class space    used 19714K, committed 20288K, reserved 1048576K
}
Event: 370.630 GC heap before
{Heap before GC invocations=59 (full 0):
 garbage-first heap   total 528384K, used 279242K [0x0000000600000000, 0x0000000800000000)
  region size 4096K, 17 young (69632K), 2 survivors (8192K)
 Metaspace       used 152567K, committed 153856K, reserved 1245184K
  class space    used 19744K, committed 20352K, reserved 1048576K
}
Event: 370.694 GC heap after
{Heap after GC invocations=60 (full 0):
 garbage-first heap   total 1015808K, used 243177K [0x0000000600000000, 0x0000000800000000)
  region size 4096K, 3 young (12288K), 3 survivors (12288K)
 Metaspace       used 152567K, committed 153856K, reserved 1245184K
  class space    used 19744K, committed 20352K, reserved 1048576K
}
Event: 371.255 GC heap before
{Heap before GC invocations=60 (full 0):
 garbage-first heap   total 1015808K, used 280041K [0x0000000600000000, 0x0000000800000000)
  region size 4096K, 12 young (49152K), 3 survivors (12288K)
 Metaspace       used 152669K, committed 153920K, reserved 1245184K
  class space    used 19757K, committed 20352K, reserved 1048576K
}
Event: 371.824 GC heap after
{Heap after GC invocations=61 (full 0):
 garbage-first heap   total 1015808K, used 257651K [0x0000000600000000, 0x0000000800000000)
  region size 4096K, 2 young (8192K), 2 survivors (8192K)
 Metaspace       used 152669K, committed 153920K, reserved 1245184K
  class space    used 19757K, committed 20352K, reserved 1048576K
}
Event: 374.218 GC heap before
{Heap before GC invocations=61 (full 0):
 garbage-first heap   total 1015808K, used 298611K [0x0000000600000000, 0x0000000800000000)
  region size 4096K, 12 young (49152K), 2 survivors (8192K)
 Metaspace       used 154012K, committed 155264K, reserved 1245184K
  class space    used 19901K, committed 20480K, reserved 1048576K
}
Event: 374.263 GC heap after
{Heap after GC invocations=62 (full 0):
 garbage-first heap   total 1015808K, used 267583K [0x0000000600000000, 0x0000000800000000)
  region size 4096K, 2 young (8192K), 2 survivors (8192K)
 Metaspace       used 154012K, committed 155264K, reserved 1245184K
  class space    used 19901K, committed 20480K, reserved 1048576K
}
Event: 376.586 GC heap before
{Heap before GC invocations=62 (full 0):
 garbage-first heap   total 1015808K, used 304447K [0x0000000600000000, 0x0000000800000000)
  region size 4096K, 12 young (49152K), 2 survivors (8192K)
 Metaspace       used 155478K, committed 156736K, reserved 1245184K
  class space    used 20006K, committed 20608K, reserved 1048576K
}
Event: 376.661 GC heap after
{Heap after GC invocations=63 (full 0):
 garbage-first heap   total 1015808K, used 284102K [0x0000000600000000, 0x0000000800000000)
  region size 4096K, 2 young (8192K), 2 survivors (8192K)
 Metaspace       used 155478K, committed 156736K, reserved 1245184K
  class space    used 20006K, committed 20608K, reserved 1048576K
}
Event: 376.889 GC heap before
{Heap before GC invocations=63 (full 0):
 garbage-first heap   total 1015808K, used 325062K [0x0000000600000000, 0x0000000800000000)
  region size 4096K, 12 young (49152K), 2 survivors (8192K)
 Metaspace       used 155482K, committed 156736K, reserved 1245184K
  class space    used 20006K, committed 20608K, reserved 1048576K
}
Event: 376.994 GC heap after
{Heap after GC invocations=64 (full 0):
 garbage-first heap   total 1015808K, used 300973K [0x0000000600000000, 0x0000000800000000)
  region size 4096K, 2 young (8192K), 2 survivors (8192K)
 Metaspace       used 155482K, committed 156736K, reserved 1245184K
  class space    used 20006K, committed 20608K, reserved 1048576K
}
Event: 377.140 GC heap before
{Heap before GC invocations=64 (full 0):
 garbage-first heap   total 1015808K, used 341933K [0x0000000600000000, 0x0000000800000000)
  region size 4096K, 12 young (49152K), 2 survivors (8192K)
 Metaspace       used 155497K, committed 156736K, reserved 1245184K
  class space    used 20006K, committed 20608K, reserved 1048576K
}
Event: 377.215 GC heap after
{Heap after GC invocations=65 (full 0):
 garbage-first heap   total 1015808K, used 321236K [0x0000000600000000, 0x0000000800000000)
  region size 4096K, 2 young (8192K), 2 survivors (8192K)
 Metaspace       used 155497K, committed 156736K, reserved 1245184K
  class space    used 20006K, committed 20608K, reserved 1048576K
}
Event: 377.619 GC heap before
{Heap before GC invocations=65 (full 0):
 garbage-first heap   total 1015808K, used 362196K [0x0000000600000000, 0x0000000800000000)
  region size 4096K, 12 young (49152K), 2 survivors (8192K)
 Metaspace       used 155571K, committed 156800K, reserved 1245184K
  class space    used 20006K, committed 20608K, reserved 1048576K
}

Deoptimization events (20 events):
Event: 376.347 Thread 0x000001f44663de30 Uncommon trap: trap_request=0xffffff45 fr.pc=0x000001f3982916f8 relative=0x0000000000001858
Event: 376.347 Thread 0x000001f44663de30 Uncommon trap: reason=unstable_if action=reinterpret pc=0x000001f3982916f8 method=java.io.WinNTFileSystem.normalize(Ljava/lang/String;II)Ljava/lang/String; @ 100 c2
Event: 376.347 Thread 0x000001f44663de30 DEOPT PACKING pc=0x000001f3982916f8 sp=0x00000012668f8530
Event: 376.348 Thread 0x000001f44663de30 DEOPT UNPACKING pc=0x000001f3975723a3 sp=0x00000012668f8538 mode 2
Event: 376.365 Thread 0x000001f44663de30 Uncommon trap: trap_request=0xffffff45 fr.pc=0x000001f397b10dac relative=0x000000000000100c
Event: 376.365 Thread 0x000001f44663de30 Uncommon trap: reason=unstable_if action=reinterpret pc=0x000001f397b10dac method=java.io.WinNTFileSystem.normalize(Ljava/lang/String;II)Ljava/lang/String; @ 100 c2
Event: 376.365 Thread 0x000001f44663de30 DEOPT PACKING pc=0x000001f397b10dac sp=0x00000012668f8550
Event: 376.365 Thread 0x000001f44663de30 DEOPT UNPACKING pc=0x000001f3975723a3 sp=0x00000012668f8548 mode 2
Event: 376.573 Thread 0x000001f44663de30 DEOPT PACKING pc=0x000001f389d24855 sp=0x00000012668f5c40
Event: 376.573 Thread 0x000001f44663de30 DEOPT UNPACKING pc=0x000001f397572b43 sp=0x00000012668f5150 mode 0
Event: 377.033 Thread 0x000001f44663de30 DEOPT PACKING pc=0x000001f38a41e698 sp=0x00000012668f52b0
Event: 377.033 Thread 0x000001f44663de30 DEOPT UNPACKING pc=0x000001f397572b43 sp=0x00000012668f47b8 mode 0
Event: 377.125 Thread 0x000001f44663de30 DEOPT PACKING pc=0x000001f38a41e698 sp=0x00000012668f52b0
Event: 377.125 Thread 0x000001f44663de30 DEOPT UNPACKING pc=0x000001f397572b43 sp=0x00000012668f47b8 mode 0
Event: 377.265 Thread 0x000001f44663de30 DEOPT PACKING pc=0x000001f38a41e698 sp=0x00000012668f5660
Event: 377.265 Thread 0x000001f44663de30 DEOPT UNPACKING pc=0x000001f397572b43 sp=0x00000012668f4b68 mode 0
Event: 377.271 Thread 0x000001f44663de30 DEOPT PACKING pc=0x000001f38a41e698 sp=0x00000012668f5660
Event: 377.271 Thread 0x000001f44663de30 DEOPT UNPACKING pc=0x000001f397572b43 sp=0x00000012668f4b68 mode 0
Event: 377.284 Thread 0x000001f44663de30 DEOPT PACKING pc=0x000001f38a41e698 sp=0x00000012668f5660
Event: 377.284 Thread 0x000001f44663de30 DEOPT UNPACKING pc=0x000001f397572b43 sp=0x00000012668f4b68 mode 0

Classes unloaded (20 events):
Event: 62.898 Thread 0x000001f3ffa095b0 Unloading class 0x000001f401695000 '_BuildScript_'
Event: 62.898 Thread 0x000001f3ffa095b0 Unloading class 0x000001f4016937d0 '_BuildScript_$_run_closure1$_closure2$_closure4$_closure5'
Event: 62.898 Thread 0x000001f3ffa095b0 Unloading class 0x000001f4016933e8 '_BuildScript_$_run_closure1$_closure2$_closure4'
Event: 62.898 Thread 0x000001f3ffa095b0 Unloading class 0x000001f401693000 '_BuildScript_$_run_closure1$_closure2$_closure3'
Event: 62.898 Thread 0x000001f3ffa095b0 Unloading class 0x000001f4016928d8 '_BuildScript_$_run_closure1$_closure2'
Event: 62.898 Thread 0x000001f3ffa095b0 Unloading class 0x000001f4016924f0 '_BuildScript_$_run_closure1'
Event: 62.898 Thread 0x000001f3ffa095b0 Unloading class 0x000001f401692000 '_BuildScript_'
Event: 62.898 Thread 0x000001f3ffa095b0 Unloading class 0x000001f40168dbb8 '_BuildScript_$_run_closure1$_closure2$_closure3$_closure4'
Event: 62.898 Thread 0x000001f3ffa095b0 Unloading class 0x000001f40168d7d0 '_BuildScript_$_run_closure1$_closure2$_closure3'
Event: 62.898 Thread 0x000001f3ffa095b0 Unloading class 0x000001f40168d3e8 '_BuildScript_$_run_closure1$_closure2'
Event: 62.898 Thread 0x000001f3ffa095b0 Unloading class 0x000001f40168d000 '_BuildScript_$_run_closure1'
Event: 62.898 Thread 0x000001f3ffa095b0 Unloading class 0x000001f40168c800 '_BuildScript_'
Event: 62.898 Thread 0x000001f3ffa095b0 Unloading class 0x000001f401688cc0 '_BuildScript_$_run_closure1$_closure2'
Event: 62.898 Thread 0x000001f3ffa095b0 Unloading class 0x000001f4016888d8 '_BuildScript_$_run_closure1'
Event: 62.898 Thread 0x000001f3ffa095b0 Unloading class 0x000001f4016883e8 '_BuildScript_'
Event: 62.898 Thread 0x000001f3ffa095b0 Unloading class 0x000001f401688000 'ProtobufPatchPlugin$_apply_closure1$_closure2$_closure3$_closure4'
Event: 62.898 Thread 0x000001f3ffa095b0 Unloading class 0x000001f4015dc3e8 'ProtobufPatchPlugin$_apply_closure1$_closure2$_closure3'
Event: 62.898 Thread 0x000001f3ffa095b0 Unloading class 0x000001f4015dc000 'ProtobufPatchPlugin$_apply_closure1$_closure2'
Event: 62.898 Thread 0x000001f3ffa095b0 Unloading class 0x000001f4015d0ac8 'ProtobufPatchPlugin$_apply_closure1'
Event: 62.898 Thread 0x000001f3ffa095b0 Unloading class 0x000001f4015d0800 'ProtobufPatchPlugin'

Classes redefined (0 events):
No events

Internal exceptions (20 events):
Event: 321.186 Thread 0x000001f453190fb0 Implicit null exception at 0x000001f398269b1d to 0x000001f39826c8a0
Event: 344.004 Thread 0x000001f44663de30 Exception <a 'sun/nio/fs/WindowsException'{0x000000061c2405d0}> (0x000000061c2405d0) 
thrown [s\open\src\hotspot\share\prims\jni.cpp, line 516]
Event: 344.068 Thread 0x000001f44663de30 Exception <a 'sun/nio/fs/WindowsException'{0x000000061c2425d8}> (0x000000061c2425d8) 
thrown [s\open\src\hotspot\share\prims\jni.cpp, line 516]
Event: 354.032 Thread 0x000001f44663de30 Exception <a 'java/lang/NoSuchMethodError'{0x0000000620196c60}: 'void java.lang.invoke.DirectMethodHandle$Holder.invokeSpecial(java.lang.Object, java.lang.Object, int, int)'> (0x0000000620196c60) 
thrown [s\open\src\hotspot\share\interpreter\linkResolver.cpp, line 759]
Event: 372.092 Thread 0x000001f44663de30 Exception <a 'java/lang/NoSuchMethodError'{0x000000063dfee9a0}: 'java.lang.Object java.lang.invoke.DirectMethodHandle$Holder.newInvokeSpecial(java.lang.Object, java.lang.Object, java.lang.Object, java.lang.Object, java.lang.Object, java.lang.Object, java.lang.Object, java.lang.Object, java.lang.Object)'> (0x000000063dfee9a0) 
thrown [s\open\src\hotspot\share\interpreter\linkResolver.cpp, line 759]
Event: 372.094 Thread 0x000001f44663de30 Exception <a 'java/lang/NoSuchMethodError'{0x000000063dff5218}: 'java.lang.Object java.lang.invoke.Invokers$Holder.linkToTargetMethod(java.lang.Object, java.lang.Object, java.lang.Object, java.lang.Object, java.lang.Object, java.lang.Object, java.lang.Object, java.lang.Object, java.lang.Object)'> (0x000000063dff5218) 
thrown [s\open\src\hotspot\share\interpreter\linkResolver.cpp, line 759]
Event: 372.393 Thread 0x000001f44663de30 Exception <a 'java/lang/NoSuchMethodError'{0x000000063db21e20}: 'java.lang.Object java.lang.invoke.DirectMethodHandle$Holder.invokeStatic(java.lang.Object, int, java.lang.Object, java.lang.Object, java.lang.Object, java.lang.Object, java.lang.Object)'> (0x000000063db21e20) 
thrown [s\open\src\hotspot\share\interpreter\linkResolver.cpp, line 759]
Event: 372.395 Thread 0x000001f44663de30 Exception <a 'java/lang/NoSuchMethodError'{0x000000063db2d5b0}: 'java.lang.Object java.lang.invoke.DirectMethodHandle$Holder.newInvokeSpecial(java.lang.Object, int, java.lang.Object, java.lang.Object, java.lang.Object)'> (0x000000063db2d5b0) 
thrown [s\open\src\hotspot\share\interpreter\linkResolver.cpp, line 759]
Event: 372.398 Thread 0x000001f44663de30 Exception <a 'java/lang/NoSuchMethodError'{0x000000063db33a30}: 'java.lang.Object java.lang.invoke.DirectMethodHandle$Holder.invokeSpecial(java.lang.Object, java.lang.Object, int, java.lang.Object, java.lang.Object, java.lang.Object)'> (0x000000063db33a30) 
thrown [s\open\src\hotspot\share\interpreter\linkResolver.cpp, line 759]
Event: 373.246 Thread 0x000001f44663de30 Exception <a 'java/lang/NoSuchMethodError'{0x000000063c0cd758}: 'java.lang.Object java.lang.invoke.DirectMethodHandle$Holder.invokeStaticInit(java.lang.Object, int, int, java.lang.Object)'> (0x000000063c0cd758) 
thrown [s\open\src\hotspot\share\interpreter\linkResolver.cpp, line 759]
Event: 374.885 Thread 0x000001f44663de30 Exception <a 'java/lang/NoSuchMethodError'{0x000000063d4db9a8}: 'java.lang.Object java.lang.invoke.DirectMethodHandle$Holder.invokeStaticInit(java.lang.Object, java.lang.Object, int, java.lang.Object)'> (0x000000063d4db9a8) 
thrown [s\open\src\hotspot\share\interpreter\linkResolver.cpp, line 759]
Event: 375.552 Thread 0x000001f44663de30 Exception <a 'sun/nio/fs/WindowsException'{0x000000063cd203e8}> (0x000000063cd203e8) 
thrown [s\open\src\hotspot\share\prims\jni.cpp, line 516]
Event: 375.558 Thread 0x000001f44663de30 Exception <a 'sun/nio/fs/WindowsException'{0x000000063cd22290}> (0x000000063cd22290) 
thrown [s\open\src\hotspot\share\prims\jni.cpp, line 516]
Event: 375.597 Thread 0x000001f44663de30 Exception <a 'sun/nio/fs/WindowsException'{0x000000063cd2a838}> (0x000000063cd2a838) 
thrown [s\open\src\hotspot\share\prims\jni.cpp, line 516]
Event: 375.611 Thread 0x000001f44663de30 Exception <a 'sun/nio/fs/WindowsException'{0x000000063cd43c30}> (0x000000063cd43c30) 
thrown [s\open\src\hotspot\share\prims\jni.cpp, line 516]
Event: 375.622 Thread 0x000001f44663de30 Exception <a 'sun/nio/fs/WindowsException'{0x000000063cd4e5f8}> (0x000000063cd4e5f8) 
thrown [s\open\src\hotspot\share\prims\jni.cpp, line 516]
Event: 375.629 Thread 0x000001f44663de30 Exception <a 'sun/nio/fs/WindowsException'{0x000000063cd54d40}> (0x000000063cd54d40) 
thrown [s\open\src\hotspot\share\prims\jni.cpp, line 516]
Event: 375.929 Thread 0x000001f44663de30 Exception <a 'java/lang/NoSuchMethodError'{0x000000063c9b0980}: 'java.lang.Object java.lang.invoke.Invokers$Holder.invokeExact_MT(java.lang.Object, java.lang.Object, java.lang.Object, int, java.lang.Object, java.lang.Object)'> (0x000000063c9b0980) 
thrown [s\open\src\hotspot\share\interpreter\linkResolver.cpp, line 759]
Event: 376.570 Thread 0x000001f44663de30 Exception <a 'sun/nio/fs/WindowsException'{0x000000063b8e8df0}> (0x000000063b8e8df0) 
thrown [s\open\src\hotspot\share\prims\jni.cpp, line 516]
Event: 376.571 Thread 0x000001f44663de30 Exception <a 'sun/nio/fs/WindowsException'{0x000000063b8ea8a8}> (0x000000063b8ea8a8) 
thrown [s\open\src\hotspot\share\prims\jni.cpp, line 516]

VM Operations (20 events):
Event: 373.507 Executing VM operation: ICBufferFull done
Event: 373.535 Executing VM operation: HandshakeAllThreads
Event: 373.535 Executing VM operation: HandshakeAllThreads done
Event: 374.218 Executing VM operation: G1CollectForAllocation
Event: 374.263 Executing VM operation: G1CollectForAllocation done
Event: 374.765 Executing VM operation: ICBufferFull
Event: 374.766 Executing VM operation: ICBufferFull done
Event: 375.105 Executing VM operation: HandshakeAllThreads
Event: 375.105 Executing VM operation: HandshakeAllThreads done
Event: 375.386 Executing VM operation: ICBufferFull
Event: 375.387 Executing VM operation: ICBufferFull done
Event: 376.387 Executing VM operation: Cleanup
Event: 376.389 Executing VM operation: Cleanup done
Event: 376.585 Executing VM operation: G1CollectForAllocation
Event: 376.663 Executing VM operation: G1CollectForAllocation done
Event: 376.889 Executing VM operation: G1CollectForAllocation
Event: 376.994 Executing VM operation: G1CollectForAllocation done
Event: 377.139 Executing VM operation: G1CollectForAllocation
Event: 377.215 Executing VM operation: G1CollectForAllocation done
Event: 377.619 Executing VM operation: G1CollectForAllocation

Events (20 events):
Event: 371.959 Thread 0x000001f3ffa415e0 flushing nmethod 0x000001f38801f090
Event: 371.963 Thread 0x000001f3ffa415e0 flushing nmethod 0x000001f38805a810
Event: 371.987 Thread 0x000001f3ffa415e0 flushing nmethod 0x000001f3881ef890
Event: 371.993 Thread 0x000001f3ffa415e0 flushing nmethod 0x000001f38824b490
Event: 371.993 Thread 0x000001f3ffa415e0 flushing nmethod 0x000001f38824f210
Event: 371.993 Thread 0x000001f3ffa415e0 flushing nmethod 0x000001f38824f590
Event: 372.001 Thread 0x000001f3ffa415e0 flushing nmethod 0x000001f3882de490
Event: 372.068 Thread 0x000001f3ffa415e0 flushing nmethod 0x000001f388a2cf10
Event: 372.133 Thread 0x000001f3ffa415e0 flushing nmethod 0x000001f388fe8c10
Event: 372.145 Thread 0x000001f3ffa415e0 flushing nmethod 0x000001f389102310
Event: 372.156 Thread 0x000001f3ffa415e0 flushing nmethod 0x000001f38925f410
Event: 372.160 Thread 0x000001f3ffa415e0 flushing nmethod 0x000001f3892a7090
Event: 372.295 Thread 0x000001f3ffa415e0 flushing nmethod 0x000001f389ab2210
Event: 372.337 Thread 0x000001f3ffa415e0 flushing nmethod 0x000001f389dcac90
Event: 372.337 Thread 0x000001f3ffa415e0 flushing nmethod 0x000001f389dcca90
Event: 373.104 Thread 0x000001f45202ca30 Thread exited: 0x000001f45202ca30
Event: 373.795 Thread 0x000001f45202fa00 Thread added: 0x000001f45202fa00
Event: 376.099 Thread 0x000001f45202fa00 Thread exited: 0x000001f45202fa00
Event: 376.426 Thread 0x000001f45202fa00 Thread added: 0x000001f45202fa00
Event: 376.818 Thread 0x000001f45202fa00 Thread exited: 0x000001f45202fa00


Dynamic libraries:
0x00007ff7e4f10000 - 0x00007ff7e4f20000 	C:\Program Files\Java\jdk-17\bin\java.exe
0x00007fff52460000 - 0x00007fff526c6000 	C:\Windows\SYSTEM32\ntdll.dll
0x00007fff50190000 - 0x00007fff50259000 	C:\Windows\System32\KERNEL32.DLL
0x00007fff4fd80000 - 0x00007fff5017f000 	C:\Windows\System32\KERNELBASE.dll
0x00007fff4f670000 - 0x00007fff4f7bc000 	C:\Windows\System32\ucrtbase.dll
0x00007fff0f010000 - 0x00007fff0f02b000 	C:\Program Files\Java\jdk-17\bin\VCRUNTIME140.dll
0x00007fff0ed30000 - 0x00007fff0ed49000 	C:\Program Files\Java\jdk-17\bin\jli.dll
0x00007fff51e80000 - 0x00007fff51f3c000 	C:\Windows\System32\ADVAPI32.dll
0x00007fff50980000 - 0x00007fff50a29000 	C:\Windows\System32\msvcrt.dll
0x00007fff508c0000 - 0x00007fff5096a000 	C:\Windows\System32\sechost.dll
0x00007fff51900000 - 0x00007fff51a18000 	C:\Windows\System32\RPCRT4.dll
0x00007fff50260000 - 0x00007fff50426000 	C:\Windows\System32\USER32.dll
0x00007fff4fad0000 - 0x00007fff4faf7000 	C:\Windows\System32\win32u.dll
0x00007fff51ff0000 - 0x00007fff5201b000 	C:\Windows\System32\GDI32.dll
0x00007fff4fc50000 - 0x00007fff4fd79000 	C:\Windows\System32\gdi32full.dll
0x00007fff4f960000 - 0x00007fff4fa03000 	C:\Windows\System32\msvcp_win.dll
0x00007fff339d0000 - 0x00007fff33c61000 	C:\Windows\WinSxS\amd64_microsoft.windows.common-controls_6595b64144ccf1df_6.0.26100.8972_none_3e0da176e32f9d4b\COMCTL32.dll
0x00007fff36ae0000 - 0x00007fff36aeb000 	C:\Windows\SYSTEM32\VERSION.dll
0x00007fff50bb0000 - 0x00007fff50be2000 	C:\Windows\System32\IMM32.DLL
0x00007fff0ee60000 - 0x00007fff0ee6c000 	C:\Program Files\Java\jdk-17\bin\vcruntime140_1.dll
0x00007ffeb61a0000 - 0x00007ffeb622e000 	C:\Program Files\Java\jdk-17\bin\msvcp140.dll
0x00007ffe4d010000 - 0x00007ffe4dbf0000 	C:\Program Files\Java\jdk-17\bin\server\jvm.dll
0x00007fff50970000 - 0x00007fff50978000 	C:\Windows\System32\PSAPI.DLL
0x00007fff47720000 - 0x00007fff47756000 	C:\Windows\SYSTEM32\WINMM.dll
0x00007fff49b10000 - 0x00007fff49b1a000 	C:\Windows\SYSTEM32\WSOCK32.dll
0x00007fff521c0000 - 0x00007fff52242000 	C:\Windows\System32\WS2_32.dll
0x00007fff4e2c0000 - 0x00007fff4e2db000 	C:\Windows\SYSTEM32\kernel.appcore.dll
0x00007fff0dd20000 - 0x00007fff0dd2a000 	C:\Program Files\Java\jdk-17\bin\jimage.dll
0x00007fff4cce0000 - 0x00007fff4cf22000 	C:\Windows\SYSTEM32\DBGHELP.DLL
0x00007fff513d0000 - 0x00007fff51755000 	C:\Windows\System32\combase.dll
0x00007fff51a30000 - 0x00007fff51b09000 	C:\Windows\System32\OLEAUT32.dll
0x00007fff35850000 - 0x00007fff3588b000 	C:\Windows\SYSTEM32\dbgcore.DLL
0x00007fff4fa10000 - 0x00007fff4fabc000 	C:\Windows\System32\bcryptPrimitives.dll
0x00007fff05640000 - 0x00007fff0564e000 	C:\Program Files\Java\jdk-17\bin\instrument.dll
0x00007fff02c30000 - 0x00007fff02c55000 	C:\Program Files\Java\jdk-17\bin\java.dll
0x00007ffeb17d0000 - 0x00007ffeb18a7000 	C:\Program Files\Java\jdk-17\bin\jsvml.dll
0x00007fff50c40000 - 0x00007fff513c8000 	C:\Windows\System32\SHELL32.dll
0x00007fff4d0e0000 - 0x00007fff4d97b000 	C:\Windows\SYSTEM32\windows.storage.dll
0x00007fff50a30000 - 0x00007fff50b29000 	C:\Windows\System32\SHCORE.dll
0x00007fff51b10000 - 0x00007fff51b76000 	C:\Windows\System32\shlwapi.dll
0x00007fff4f590000 - 0x00007fff4f5b9000 	C:\Windows\SYSTEM32\profapi.dll
0x00007fff04950000 - 0x00007fff04968000 	C:\Program Files\Java\jdk-17\bin\zip.dll
0x00007fff02b10000 - 0x00007fff02b29000 	C:\Program Files\Java\jdk-17\bin\net.dll
0x00007fff47e50000 - 0x00007fff47f78000 	C:\Windows\SYSTEM32\WINHTTP.dll
0x00007fff4e910000 - 0x00007fff4e97c000 	C:\Windows\system32\mswsock.dll
0x00007fff029b0000 - 0x00007fff029c6000 	C:\Program Files\Java\jdk-17\bin\nio.dll
0x00007fff053c0000 - 0x00007fff053d0000 	C:\Program Files\Java\jdk-17\bin\verify.dll
0x00007fff0f260000 - 0x00007fff0f287000 	C:\Users\mmich\.gradle\native\1def1411415f61bf3af743bc5b6707747c0891f09f0c88961ee8f79bc544acac\windows-amd64\native-platform.dll
0x00007ffeb72a0000 - 0x00007ffeb7317000 	C:\Users\mmich\.gradle\native\0.2.8\x86_64-windows-gnu\gradle-fileevents.dll
0x00007fff052e0000 - 0x00007fff052ea000 	C:\Program Files\Java\jdk-17\bin\management.dll
0x00007fff05260000 - 0x00007fff0526b000 	C:\Program Files\Java\jdk-17\bin\management_ext.dll
0x00007fff4dd90000 - 0x00007fff4ddc3000 	C:\Windows\SYSTEM32\IPHLPAPI.DLL
0x00007fff51f50000 - 0x00007fff51f5a000 	C:\Windows\System32\NSI.dll
0x00007fff49210000 - 0x00007fff4922d000 	C:\Windows\SYSTEM32\dhcpcsvc6.DLL
0x00007fff49100000 - 0x00007fff49125000 	C:\Windows\SYSTEM32\dhcpcsvc.DLL
0x00007fff4de70000 - 0x00007fff4dfc8000 	C:\Windows\SYSTEM32\DNSAPI.dll
0x00007fff4e6c0000 - 0x00007fff4e6cd000 	C:\Windows\SYSTEM32\DSPARSE.dll
0x00007fff4ec20000 - 0x00007fff4ec3b000 	C:\Windows\SYSTEM32\CRYPTSP.dll
0x00007fff4e2e0000 - 0x00007fff4e319000 	C:\Windows\system32\rsaenh.dll
0x00007fff4e9c0000 - 0x00007fff4e9f2000 	C:\Windows\SYSTEM32\USERENV.dll
0x00007fff4f560000 - 0x00007fff4f58a000 	C:\Windows\SYSTEM32\bcrypt.dll
0x00007fff4ec00000 - 0x00007fff4ec0c000 	C:\Windows\SYSTEM32\CRYPTBASE.dll
0x00007fff02a70000 - 0x00007fff02a7e000 	C:\Program Files\Java\jdk-17\bin\sunmscapi.dll
0x00007fff4f7d0000 - 0x00007fff4f94e000 	C:\Windows\System32\CRYPT32.dll
0x00007fff4ee40000 - 0x00007fff4ee70000 	C:\Windows\SYSTEM32\ncrypt.dll
0x00007fff4edf0000 - 0x00007fff4ee2f000 	C:\Windows\SYSTEM32\NTASN1.dll
0x00007fff26170000 - 0x00007fff26178000 	C:\Windows\system32\wshunix.dll
0x00007ffef7550000 - 0x00007ffef7557000 	C:\Program Files\Java\jdk-17\bin\rmi.dll

dbghelp: loaded successfully - version: 4.0.5 - missing functions: none
symbol engine: initialized successfully - sym options: 0x614 - pdb path: .;C:\Program Files\Java\jdk-17\bin;C:\Windows\SYSTEM32;C:\Windows\WinSxS\amd64_microsoft.windows.common-controls_6595b64144ccf1df_6.0.26100.8972_none_3e0da176e32f9d4b;C:\Program Files\Java\jdk-17\bin\server;C:\Users\mmich\.gradle\native\1def1411415f61bf3af743bc5b6707747c0891f09f0c88961ee8f79bc544acac\windows-amd64;C:\Users\mmich\.gradle\native\0.2.8\x86_64-windows-gnu

VM Arguments:
jvm_args: --add-opens=java.base/java.lang=ALL-UNNAMED --add-opens=java.base/java.lang.invoke=ALL-UNNAMED --add-opens=java.base/java.util=ALL-UNNAMED --add-opens=java.prefs/java.util.prefs=ALL-UNNAMED --add-exports=jdk.compiler/com.sun.tools.javac.api=ALL-UNNAMED --add-exports=jdk.compiler/com.sun.tools.javac.util=ALL-UNNAMED --add-opens=java.base/java.util=ALL-UNNAMED --add-opens=java.prefs/java.util.prefs=ALL-UNNAMED --add-opens=java.base/java.nio.charset=ALL-UNNAMED --add-opens=java.base/java.net=ALL-UNNAMED --add-opens=java.base/java.util.concurrent=ALL-UNNAMED --add-opens=java.base/java.util.concurrent.atomic=ALL-UNNAMED --add-opens=java.xml/javax.xml.namespace=ALL-UNNAMED --add-opens=java.base/java.time=ALL-UNNAMED -XX:MaxMetaspaceSize=4G -XX:ReservedCodeCacheSize=512m -XX:+HeapDumpOnOutOfMemoryError -Xmx8G -Dfile.encoding=UTF-8 -Duser.country=IN -Duser.language=en -Duser.variant -javaagent:C:\Users\mmich\.gradle\wrapper\dists\gradle-9.1.0-all\7wzd0jkjit61aq2p43wpjgij9\gradle-9.1.0\lib\agents\gradle-instrumentation-agent-9.1.0.jar 
java_command: org.gradle.launcher.daemon.bootstrap.GradleDaemon 9.1.0
java_class_path (initial): C:\Users\mmich\.gradle\wrapper\dists\gradle-9.1.0-all\7wzd0jkjit61aq2p43wpjgij9\gradle-9.1.0\lib\gradle-daemon-main-9.1.0.jar
Launcher Type: SUN_STANDARD

[Global flags]
     intx CICompilerCount                          = 4                                         {product} {ergonomic}
     uint ConcGCThreads                            = 3                                         {product} {ergonomic}
     uint G1ConcRefinementThreads                  = 10                                        {product} {ergonomic}
   size_t G1HeapRegionSize                         = 4194304                                   {product} {ergonomic}
    uintx GCDrainStackTargetSize                   = 64                                        {product} {ergonomic}
     bool HeapDumpOnOutOfMemoryError               = true                                   {manageable} {command line}
   size_t InitialHeapSize                          = 130023424                                 {product} {ergonomic}
   size_t MarkStackSize                            = 4194304                                   {product} {ergonomic}
   size_t MaxHeapSize                              = 8589934592                                {product} {command line}
   size_t MaxMetaspaceSize                         = 4294967296                                {product} {command line}
   size_t MaxNewSize                               = 5150605312                                {product} {ergonomic}
   size_t MinHeapDeltaBytes                        = 4194304                                   {product} {ergonomic}
   size_t MinHeapSize                              = 8388608                                   {product} {ergonomic}
    uintx NonNMethodCodeHeapSize                   = 5839372                                {pd product} {ergonomic}
    uintx NonProfiledCodeHeapSize                  = 265515770                              {pd product} {ergonomic}
    uintx ProfiledCodeHeapSize                     = 265515770                              {pd product} {ergonomic}
    uintx ReservedCodeCacheSize                    = 536870912                              {pd product} {command line}
     bool SegmentedCodeCache                       = true                                      {product} {ergonomic}
   size_t SoftMaxHeapSize                          = 8589934592                             {manageable} {ergonomic}
   double SweeperThreshold                         = 0.234375                                  {product} {ergonomic}
     bool UseCompressedClassPointers               = true                           {product lp64_product} {ergonomic}
     bool UseCompressedOops                        = true                           {product lp64_product} {ergonomic}
     bool UseG1GC                                  = true                                      {product} {ergonomic}
     bool UseLargePagesIndividualAllocation        = false                                  {pd product} {ergonomic}

Logging:
Log output configuration:
 #0: stdout all=warning uptime,level,tags
 #1: stderr all=off uptime,level,tags

Environment Variables:
PATH=C:\Program Files\Common Files\Oracle\Java\javapath;C:\Python313\Scripts\;C:\Python313\;C:\Windows\system32;C:\Windows;C:\Windows\System32\Wbem;C:\Windows\System32\WindowsPowerShell\v1.0\;C:\Windows\System32\OpenSSH\;C:\Program Files\dotnet\;C:\Program Files\nodejs\;C:\ProgramData\chocolatey\bin;C:\Program Files\Git\cmd;C:\Program Files\Java\jdk-17\bin;C:\Program Files (x86)\Microsoft SQL Server\160\Tools\Binn\;C:\Program Files\Microsoft SQL Server\160\Tools\Binn\;C:\Program Files\Microsoft SQL Server\Client SDK\ODBC\170\Tools\Binn\;C:\Program Files\Microsoft SQL Server\160\DTS\Binn\;C:\Program Files (x86)\Microsoft SQL Server\160\DTS\Binn\;C:\Program Files\Microsoft SQL Server\150\Tools\Binn\;C:\Program Files (x86)\Windows Kits\10\Windows Performance Toolkit\;C:\Users\mmich\AppData\Local\Microsoft\WindowsApps;C:\Users\mmich\AppData\Local\Programs\Microsoft VS Code\bin;C:\Users\mmich\AppData\Roaming\npm;C:\xampp\php;C:\Users\mmich\AppData\Local\ComposerSetup\bin;C:\Users\mmich\AppData\Roaming\Composer\vendor\bin;C:\Users\mmich\.dotnet\tools;C:\Development\flutter\bin;C:\Program Files\apache-maven-3.9.16\bin;
USERNAME=mmich
OS=Windows_NT
PROCESSOR_IDENTIFIER=Intel64 Family 6 Model 186 Stepping 3, GenuineIntel



---------------  S Y S T E M  ---------------

OS:
 Windows 11 , 64 bit Build 26100 (10.0.26100.9168)
OS uptime: 0 days 7:52 hours
Hyper-V role detected

CPU: total 12 (initial active 12) (6 cores per cpu, 2 threads per core) family 6 model 186 stepping 3 microcode 0x6134, cx8, cmov, fxsr, ht, mmx, 3dnowpref, sse, sse2, sse3, ssse3, sse4.1, sse4.2, popcnt, lzcnt, tsc, tscinvbit, avx, avx2, aes, erms, clmul, bmi1, bmi2, adx, sha, fma, vzeroupper, clflush, clflushopt, clwb, hv

Memory: 4k page, system-wide physical 7876M (294M free)
TotalPageFile size 32452M (AvailPageFile size 82M)
current process WorkingSet (physical memory assigned to process): 539M, peak: 663M
current process commit charge ("private bytes"): 1466M, peak: 3450M

vm_info: Java HotSpot(TM) 64-Bit Server VM (17.0.12+8-LTS-286) for windows-amd64 JRE (17.0.12+8-LTS-286), built on Jun  5 2024 06:46:59 by "mach5one" with MS VC++ 17.6 (VS2022)

END.
